soleeeee_castroooo,
lceun,
queen_lia_mekka_,
cate.s.94,
zerfxllene,
josibraggafotos,
rikrds,
chiarisol,
el3nem,
poupouille.pictures,
gulsumcetin4130,
successinfluencestory,
jiy000n_0527,
ptcgda,
shakandmegproduction,
saini_dev_,
x.phxtxgrxph.x,
thacianecadilha,
min__.e12,
novemberkindx,
__kardi__b_,
anskuijpers,
wilderness_walks,
fivebuteras,
tylersphotography12,
alonehue,
selenagomezandjustin.baybies,
icecreamonmybelly,
nnn.uz,
giulia.gogiali,
travel.__experience_blog,
adrianroditis,
tonapolitano,
lau.gl,
ilsangilzzi_is_cray,
ellapustowoi,
hegibiketours,
jayasriaradhya,
hye_s_u_,
ico7n,
tecuidomaia_,
__biker__19__,
2018_04_02,
_grccdyforlcvex,
julissavilcazelada,
heaven_ing,
hisobagshop_1,
bollypeach,
jebh56,
millanamoskalenko,
erwanndllc,
vikaskaushik98,
pixlrfox,
b_dmas_baccha.________,
ezggyl,
gordeeva_kt,
uj._9782,
tribemarkmedia,
