2018-04-22 13:09 ~ kanga_woosa,
2018-04-22 13:12 ~ mwalshephotography,
2018-04-22 13:13 ~ callum_cjt,
2018-04-22 13:14 ~ khairirzol,
2018-04-22 13:15 ~ ceremarti,
2018-04-22 13:35 ~ madelynnmaegreen,
2018-04-22 13:36 ~ flowersforfools,
2018-04-22 13:37 ~ kdavis0711,
2018-04-22 13:41 ~ pageozpirincci,
2018-04-22 13:45 ~ just_cla.ri,
2018-04-22 13:48 ~ silkeschi,
2018-04-22 13:48 ~ _barata,
2018-04-22 14:09 ~ 9ui77aum3,
2018-04-22 14:09 ~ gloompuff,
2018-04-22 14:12 ~ gipsysoft,
2018-04-22 14:14 ~ dirtandcompany,
2018-04-22 14:15 ~ bong_gu__,
2018-04-22 14:19 ~ hanahollidayphotography,
2018-04-22 14:25 ~ bretring,
2018-04-22 14:46 ~ marclaburthe,
2018-04-22 14:54 ~ viehrms_photography,
2018-04-22 15:01 ~ lidita_92,
2018-04-22 15:21 ~ rakaruann,
2018-04-22 15:26 ~ thatgirlcata,
2018-04-22 15:27 ~ iamyoha.vzla,
2018-04-22 15:31 ~ okami_chan91,
2018-04-22 15:55 ~ fake_dream,
2018-04-22 15:55 ~ red_indie,
2018-04-22 15:55 ~ kyeexoxox,
2018-04-22 15:56 ~ pyontaloon,
2018-04-22 15:58 ~ pris.galian,
2018-04-22 15:59 ~ chrispena77,
2018-04-22 16:04 ~ yomurajp,
2018-04-22 16:05 ~ pannunzioleandro,
2018-04-22 16:07 ~ demoh,
2018-04-22 16:32 ~ photographyteam3,
2018-04-22 16:34 ~ carlo.manca,
2018-04-22 16:37 ~ lam.grafico,
2018-04-22 16:39 ~ magiatzis_giannis,
2018-04-22 16:45 ~ unemonegasque,
2018-04-22 16:46 ~ amcphotography101,
2018-04-22 17:07 ~ archeresque,
2018-04-22 17:11 ~ spinal_fluids,
2018-04-22 17:19 ~ daisy_baby292,
2018-04-22 17:20 ~ xo_stephtaylor,
2018-04-22 17:40 ~ brunobobfotografia,
2018-04-22 17:48 ~ shabrymac16,
2018-04-22 17:49 ~ _kriss_tino4ka_,
2018-04-22 17:50 ~ pipiialonso,
2018-04-22 17:52 ~ the_atoism,
2018-04-22 18:21 ~ katelynperez_,
2018-04-22 18:25 ~ photo_poemas,
2018-04-22 18:52 ~ definedbyeminence,
2018-04-22 18:54 ~ dayane.oliver,
2018-04-22 18:55 ~ casual.hijabi,
2018-04-22 18:58 ~ jennabear_one,
2018-04-22 19:01 ~ marcfran,
2018-04-22 19:22 ~ dimples351,
2018-04-22 19:23 ~ leandroide_m,
2018-04-22 19:26 ~ aantolin730,
2018-04-22 19:27 ~ milea2687,
2018-04-22 19:28 ~ 10_7_mk,
2018-04-22 19:32 ~ vignesh__6,
2018-04-22 19:37 ~ david_photo_tigabelas,
2018-04-22 19:38 ~ carriemads,
2018-04-22 19:38 ~ cherrytreedancingtraveler,
2018-04-22 20:07 ~ laura_the_explora_,
2018-04-22 20:10 ~ 1ninjacat1,
2018-04-22 20:33 ~ drbill,
2018-04-22 20:34 ~ shalomc,
2018-04-22 20:35 ~ seolyeo1992,
2018-04-22 20:42 ~ thats.so.plastic,
2018-04-22 20:44 ~ enchanting__t,
2018-04-22 20:46 ~ randompicturesofblank,
2018-04-22 20:48 ~ ciscojsanchez,
2018-04-22 20:48 ~ iwstmtk,
2018-04-22 20:50 ~ ally.mai.huynh,
2018-04-22 21:11 ~ aaronreq,
2018-04-22 21:12 ~ luau_takumi,
2018-04-22 21:13 ~ harshvardhansaboo,
2018-04-22 21:13 ~ artecyn,
2018-04-22 21:22 ~ summer_nyx,
2018-04-22 21:23 ~ giorgi9733,
2018-04-22 21:47 ~ nikki.bookworm,
2018-04-22 22:21 ~ dclovensky_design,
2018-04-22 22:24 ~ boutique__hair,
2018-04-22 22:26 ~ boekenkroegerimmobilientv,
2018-04-22 22:57 ~ katres.hanzlik,
2018-04-22 23:01 ~ oneofakind_j_,
2018-04-22 23:04 ~ s.u.n.n.y_singh,
2018-04-22 23:06 ~ frame_o_holic,
2018-04-22 23:10 ~ silverscholar,
2018-04-22 23:12 ~ lindsay_love_succulents,
2018-04-22 23:12 ~ juihong,
2018-04-22 23:31 ~ helena_goni,
2018-04-22 23:31 ~ homegrowngraphics,
2018-04-22 23:33 ~ march_shoppp,
2018-04-22 23:59 ~ christinasmithdk,
2018-04-23 00:01 ~ lacivino,
2018-04-23 00:03 ~ carolinacortegiani,
2018-04-23 00:06 ~ jamiekolo,
2018-04-23 00:10 ~ alethea_art,
2018-04-23 00:29 ~ nasrinart,
2018-04-23 00:30 ~ thesecond.ph,
2018-04-23 00:32 ~ trendygarms,
2018-04-23 00:32 ~ kingfitnessclub,
2018-04-23 00:35 ~ mvryjvnc,
2018-04-23 00:36 ~ nata_shavi,
2018-04-23 00:38 ~ virginie__riff,
2018-04-23 00:42 ~ lifefusty,
2018-04-23 01:06 ~ muzikajandasi,
2018-04-23 01:07 ~ jarakovicana,
2018-04-23 01:12 ~ dailyofromee,
2018-04-23 01:13 ~ davehlt,
2018-04-23 01:14 ~ thetastefactorygaming,
2018-04-23 01:14 ~ _the_holy_gram_,
2018-04-23 01:15 ~ jericajadec,
2018-04-23 01:40 ~ d_teplyakova,
2018-04-23 01:42 ~ myrthepeperphotography,
2018-04-23 01:45 ~ klyopa14,
2018-04-23 01:49 ~ stinger_marley001,
2018-04-23 01:50 ~ lachie_mckfilmphoto,
2018-04-23 01:51 ~ mikaelalol,
2018-04-23 01:54 ~ ckl_images,
2018-04-23 02:20 ~ zieshop_rangkasbitung,
2018-04-23 02:24 ~ michaelgieskes,
2018-04-23 02:29 ~ nachozll,
2018-04-23 02:29 ~ ninimory,
2018-04-23 02:31 ~ wladis_gck,
2018-04-23 02:54 ~ alwaysreidy,
2018-04-23 02:54 ~ annalenablohmphotography,
2018-04-23 02:56 ~ sxiipsone_war,
2018-04-23 02:56 ~ instaroyalposts,
2018-04-23 02:58 ~ nazzling,
2018-04-23 03:04 ~ viiewfiinder,
2018-04-23 03:10 ~ clio_,
2018-04-23 03:33 ~ he__zuu,
2018-04-23 03:38 ~ brunasandradefotografia,
2018-04-23 03:41 ~ manontrcm,
2018-04-23 04:01 ~ japanese_1192kyoto,
2018-04-23 04:07 ~ woodbecouldbe,
2018-04-23 04:09 ~ nucciaaaa,
2018-04-23 04:11 ~ lilybeer_xi,
2018-04-23 04:12 ~ b.lostinlife,
2018-04-23 04:14 ~ __alesio_,
2018-04-23 04:15 ~ silvilcar,
2018-04-23 04:35 ~ matchbox_barber_shop,
2018-04-23 04:37 ~ rjrivera_,
2018-04-23 04:38 ~ aussiepapi,
2018-04-23 04:40 ~ ur_half_3.23,
2018-04-23 04:43 ~ ino_yu_ta,
2018-04-23 04:49 ~ fotografi,
2018-04-23 04:55 ~ cccoco_cmk,
2018-04-23 04:56 ~ rbt_jho,
2018-04-23 04:56 ~ ahmed.al_haddad,
2018-04-23 05:14 ~ michela_iannizzotto,
2018-04-23 05:16 ~ cg_photojournalist,
2018-04-23 05:18 ~ h_i_r_oxxm,
2018-04-23 05:19 ~ alfredo_mercado82,
2018-04-23 05:24 ~ milkman_fr,
2018-04-23 05:27 ~ karaneshev,
2018-04-23 05:30 ~ besniliss,
2018-04-23 05:37 ~ eleonoreprevost60,
2018-04-23 05:38 ~ caca_july03,
2018-04-23 06:01 ~ lim.sungmin,
2018-04-23 06:04 ~ shop.bytoeyy,
2018-04-23 06:05 ~ xmatiasignacio,
2018-04-23 06:05 ~ silviocasella,
2018-04-23 06:09 ~ __hiro.32__,
2018-04-23 06:12 ~ mattdelturco,
2018-04-23 06:37 ~ kristinshafel,
2018-04-23 06:43 ~ princess_michelle_kim,
2018-04-23 06:44 ~ miori1013_jm,
2018-04-23 06:45 ~ mimi___1010,
2018-04-23 06:49 ~ ms.hc,
2018-04-23 06:50 ~ sarahe0623,
2018-04-23 06:51 ~ kevinvongeyer,
2018-04-23 06:53 ~ creativelandscapinglnk,
2018-04-23 07:16 ~ banyantreecreation,
2018-04-23 07:17 ~ selenewgram,
2018-04-23 07:18 ~ phoenixforged,
2018-04-23 07:18 ~ creative_dexterity,
2018-04-23 07:20 ~ thebrooklynpress_,
2018-04-23 07:23 ~ cursedwithglory,
2018-04-23 07:32 ~ cesaremosheoficial,
2018-04-23 07:51 ~ fleelavie,
2018-04-23 07:52 ~ sofiamal_,
2018-04-23 07:52 ~ sse0055,
2018-04-23 07:53 ~ oliviakristinphotography,
2018-04-23 08:00 ~ arii_queen_slay,
2018-04-23 08:04 ~ toshik.chauhan,
2018-04-23 08:08 ~ zoltan__87__,
2018-04-23 08:09 ~ petran,
2018-04-23 08:11 ~ albishkapoor,
2018-04-23 08:13 ~ platypus009,
2018-04-23 08:33 ~ lollodamberg,
2018-04-23 08:41 ~ msb.261,
2018-04-23 09:06 ~ mcturannn,
2018-04-23 09:15 ~ mariakoo112,
2018-04-23 09:16 ~ au.qazi,
2018-04-23 09:35 ~ estebanlarav,
2018-04-23 09:41 ~ meganeholmes,
2018-04-23 09:41 ~ yavuzbaharss,
2018-04-23 09:43 ~ ghani_cobey,
2018-04-23 09:44 ~ __.tiffaanyyy,
2018-04-23 09:53 ~ chiara_fdrc,
2018-04-23 10:20 ~ kein_lander,
2018-04-23 10:21 ~ fossfocus,
2018-04-23 10:24 ~ rach.jjones,
2018-04-23 10:31 ~ dominik_hohmann,
2018-04-23 10:53 ~ wiltedwarrior,
2018-04-23 10:57 ~ estefania7878,
2018-04-23 10:59 ~ sportsba11,
2018-04-23 11:07 ~ resabirova,
2018-04-23 11:08 ~ pascalsamijn,
2018-04-23 11:08 ~ elliecolors_photography,
2018-04-23 11:33 ~ joelle.illustrations,
2018-04-23 11:35 ~ kayladanielle.jpeg,
2018-04-23 11:37 ~ mj__o.o,
2018-04-23 11:38 ~ kamiletreciokaite25,
2018-04-23 11:39 ~ almbannina,
2018-04-23 11:40 ~ prathik_kotegar,
2018-04-23 11:43 ~ jasondrakephotographer,
2018-04-23 11:44 ~ leclubdesvoyageuses,
2018-04-23 11:46 ~ azeliomagini,
2018-04-23 12:09 ~ phoneshutterphotography,
2018-04-23 12:14 ~ i_santissimi,
2018-04-23 12:23 ~ chloetrn,
2018-04-23 12:43 ~ kudzai.photos,
2018-04-23 12:48 ~ anya_zhevanova,
2018-04-23 12:49 ~ noemy_granitto,
2018-04-23 12:50 ~ jamie_lee_ann_99,
2018-04-23 12:52 ~ the.wonder.of.words,
2018-04-23 12:55 ~ cicerobaptista,
2018-04-23 12:58 ~ mappie_tfm2,
2018-04-23 13:00 ~ jack.vickersphotography,
2018-04-23 13:18 ~ coco_salvatore,
2018-04-23 13:18 ~ marcello.makeupartist,
2018-04-23 13:20 ~ rotsnail,
2018-04-23 13:22 ~ debbybesford,
2018-04-23 13:28 ~ nemannnja15,
2018-04-23 13:30 ~ ahbugana,
2018-04-23 13:30 ~ naty_ballerina,
2018-04-23 13:33 ~ nessyamira,
2018-04-23 13:37 ~ steviephe,
2018-04-23 13:57 ~ poldous_huxley,
2018-04-23 13:59 ~ brandonmedellin_,
2018-04-23 14:01 ~ jn_99__,
2018-04-23 14:06 ~ shoresinflames,
2018-04-23 14:07 ~ onurbsnow84,
2018-04-23 14:30 ~ bonnies_portraits,
2018-04-23 14:35 ~ ariaagande,
2018-04-23 14:36 ~ urdadzac,
2018-04-23 14:36 ~ thephantom____,
2018-04-23 14:42 ~ monicachefer.art,
2018-04-23 14:45 ~ damienvaldant,
2018-04-23 15:07 ~ stockholm_sean,
2018-04-23 15:09 ~ kyliiejenneerr_,
2018-04-23 15:10 ~ kkwbrasil,
2018-04-23 15:10 ~ jadethrllwal,
2018-04-23 15:15 ~ nrjnflrs_,
2018-04-23 15:21 ~ joeyreuteman,
2018-04-23 15:22 ~ earthmoving_equipment_aus,
2018-04-23 15:43 ~ servandogomezcamarillo,
2018-04-23 15:51 ~ heavenlylovelylove,
2018-04-23 15:53 ~ silkestern_,
2018-04-23 15:54 ~ carlyddrew,
2018-04-23 16:18 ~ _mazkt,
2018-04-23 16:20 ~ khassahtaas,
2018-04-23 16:23 ~ gilsonnunfer,
2018-04-23 16:24 ~ kainuna_,
2018-04-23 16:25 ~ brendan_f92,
2018-04-23 16:28 ~ colorny,
2018-04-23 16:29 ~ singing_lab_rat,
2018-04-23 16:51 ~ haruki_osaka,
2018-04-23 16:58 ~ edithaimetta,
2018-04-23 16:59 ~ scottlivia2,
2018-04-23 17:23 ~ sebastianbalo,
2018-04-23 17:25 ~ mohammadreza_eshaghi,
2018-04-23 17:26 ~ boyabeancreatives,
2018-04-23 17:36 ~ emaa.xxii,
2018-04-23 17:36 ~ gigitography,
2018-04-23 17:37 ~ halystran_,
2018-04-23 17:39 ~ leakpcheapf1970,
2018-04-23 18:01 ~ tus15.ve,
2018-04-23 18:08 ~ jo.an.ventures,
2018-04-23 18:11 ~ charlotte_laughlin,
2018-04-23 18:14 ~ sosohanmans,
2018-04-23 18:36 ~ svirupakshi75,
2018-04-23 18:45 ~ rocococlassic,
2018-04-23 18:46 ~ shelbynicolephoto,
2018-04-23 18:47 ~ imageryinfinite,
2018-04-23 18:49 ~ hala_emirates,
2018-04-23 19:17 ~ sieranbriele,
2018-04-23 19:18 ~ lunarakawa,
2018-04-23 19:20 ~ rubengh11,
2018-04-23 19:21 ~ levibasist,
2018-04-23 19:24 ~ laidbackphotography_,
2018-04-23 19:26 ~ christy.murray.photography,
2018-04-23 19:47 ~ srkbhd,
2018-04-23 19:48 ~ zahwasang_studio,
2018-04-23 19:49 ~ adriguadarrama,
2018-04-23 19:52 ~ vs_2205,
2018-04-23 19:53 ~ oh_yomi,
2018-04-23 19:54 ~ fanniimolina,
2018-04-23 19:56 ~ ivanhoemaniac,
2018-04-23 20:27 ~ whystiawan_,
2018-04-23 20:29 ~ laurasandovalmarfil,
2018-04-23 20:32 ~ raniereferreira_,
2018-04-23 20:32 ~ haileybaldwinily,
2018-04-23 20:37 ~ hiddlestonely_,
2018-04-23 20:41 ~ briandematoscosta,
2018-04-23 21:03 ~ roochai,
2018-04-23 21:11 ~ hyderabadatclickersadda,
2018-04-23 21:14 ~ newbieshots,
2018-04-23 21:40 ~ westin_photo,
2018-04-23 21:46 ~ shapepics,
2018-04-23 21:48 ~ camerondahlinphotog,
2018-04-23 21:49 ~ golf_street,
2018-04-23 21:51 ~ liverpool_anfildd,
2018-04-23 21:53 ~ stemcnaut,
2018-04-23 22:13 ~ daneilqg,
2018-04-23 22:14 ~ a.druzhinina_photo,
2018-04-23 22:15 ~ ale_ksandraaa21,
2018-04-23 22:16 ~ somehow_pic,
2018-04-23 22:21 ~ pinkrikshaw_design,
2018-04-23 22:23 ~ torontoforme,
2018-04-23 22:24 ~ hermosalespose,
2018-04-23 22:24 ~ mappandoilmondo,
2018-04-23 22:51 ~ carremio_shop,
2018-04-23 22:55 ~ copy_hank,
2018-04-23 22:57 ~ shivamsharma5091,
2018-04-23 23:25 ~ cicekkoklargibi,
2018-04-23 23:26 ~ yeo.sis_,
2018-04-23 23:38 ~ sunbirdphotography,
2018-04-23 23:57 ~ tepton97,
2018-04-23 23:59 ~ nuttun12,
2018-04-24 00:04 ~ a_tom.hr,
2018-04-24 00:05 ~ cinthyagal,
2018-04-24 00:13 ~ mr.fewre,
2018-04-24 00:36 ~ srr_worldwide,
2018-04-24 00:43 ~ onlyaestheticssg,
2018-04-24 01:10 ~ fiingfaang,
2018-04-24 01:12 ~ the_art_of_arts_of_norway,
2018-04-24 01:14 ~ ____ay._,
2018-04-24 01:17 ~ su_ubk21,
2018-04-24 01:45 ~ ruthdrawsthings,
2018-04-24 01:45 ~ mercedes_lagunas,
2018-04-24 01:49 ~ krass_nails_spb,
2018-04-24 01:53 ~ mamruru,
2018-04-24 01:56 ~ mikolinoo,
2018-04-24 01:56 ~ tinattc,
2018-04-24 01:57 ~ fabiomjolnir,
2018-04-24 02:17 ~ zeyad_emad40,
2018-04-24 02:24 ~ sweets_ml,
2018-04-24 02:27 ~ thecozymag,
2018-04-24 02:31 ~ ange__la___,
2018-04-24 02:33 ~ shadesofwild,
2018-04-24 02:34 ~ alex.ortega.ramirez,
2018-04-24 02:56 ~ bigtonno,
2018-04-24 02:58 ~ vicentepeiro,
2018-04-24 03:01 ~ ulyssesburdeniii,
2018-04-24 03:02 ~ photojun66,
2018-04-24 03:03 ~ v.cruz34,
2018-04-24 03:05 ~ maiha23mpa,
2018-04-24 03:10 ~ chr.30moeller,
2018-04-24 03:34 ~ eclectico13,
2018-04-24 03:35 ~ ban_ew,
2018-04-24 03:37 ~ raj_padia,
2018-04-24 03:40 ~ fibrey,
2018-04-24 03:42 ~ eunseo_0708,
2018-04-24 03:42 ~ 217.j_k,
2018-04-24 03:45 ~ al_hussein_choony,
2018-04-24 03:48 ~ dinarsyummers,
2018-04-24 03:49 ~ arjanasart,
2018-04-24 03:50 ~ explore_landscapes_,
2018-04-24 04:09 ~ masako.1118,
2018-04-24 04:10 ~ feketen97,
2018-04-24 04:10 ~ thebravecoward,
2018-04-24 04:19 ~ salihaa.l,
2018-04-24 04:19 ~ photography_by_inesa,
2018-04-24 04:41 ~ synthetic._.maki,
2018-04-24 04:42 ~ ei_abandonment,
2018-04-24 04:47 ~ dbadillaf,
2018-04-24 05:44 ~ jitendrartstudio,
2018-04-24 05:45 ~ mattupiak,
2018-04-24 05:46 ~ nelly_nsk_photo,
2018-04-24 05:48 ~ garden._.j,
2018-04-24 05:48 ~ _960201,
2018-04-24 05:56 ~ mati.sng,
2018-04-24 05:58 ~ grey_jack_photography,
2018-04-24 06:22 ~ annasapronova_photography,
2018-04-24 06:27 ~ pramdani_dimas,
2018-04-24 06:30 ~ una_2580,
2018-04-24 06:34 ~ keith_lum_872,
2018-04-24 06:58 ~ shadowfoxmodels,
2018-04-24 06:59 ~ 7ccchhh,
2018-04-24 07:04 ~ af_patrevion,
2018-04-24 07:04 ~ pauline__clt,
2018-04-24 07:05 ~ everydaybeingus,
2018-04-24 07:06 ~ chicago___typewriter,
2018-04-24 07:08 ~ thetaxfreeninja,
2018-04-24 07:08 ~ emma_got_style,
2018-04-24 07:09 ~ heyitsdianah,
2018-04-24 07:10 ~ valerie_chahin,
2018-04-24 07:14 ~ silviolac,
2018-04-24 07:14 ~ lindafernweh,
2018-04-24 07:33 ~ fcoruedafoto,
2018-04-24 07:34 ~ martimtaylor,
2018-04-24 07:37 ~ house_of_moments,
2018-04-24 07:39 ~ stasyyees_photo,
2018-04-24 07:44 ~ maia_adu,
2018-04-24 07:47 ~ davimartins,
2018-04-24 07:52 ~ oleg.semin_,
2018-04-24 07:52 ~ flyfish.adventure.diaries,
2018-04-24 08:13 ~ lyricadventure,
2018-04-24 08:13 ~ kden93,
2018-04-24 08:15 ~ xkh__,
2018-04-24 08:18 ~ flash2809,
2018-04-24 08:19 ~ photographybylieke,
2018-04-24 08:44 ~ demirceyn,
2018-04-24 08:45 ~ victorlimafotografia,
2018-04-24 08:52 ~ tatosha_ryshkel,
2018-04-24 09:27 ~ m.bosck,
2018-04-24 09:30 ~ robert.williams.5015983,
2018-04-24 09:31 ~ matteo.fusion,
2018-04-24 09:34 ~ winters_medic,
2018-04-24 09:35 ~ fa.cso,
2018-04-24 09:55 ~ erickdzfilms,
2018-04-24 10:03 ~ omernass,
2018-04-24 10:04 ~ irinephotography,
2018-04-24 10:06 ~ _mr__editor,
2018-04-24 10:08 ~ kwak_sh.00,
2018-04-24 10:32 ~ thecaduceo,
2018-04-24 10:38 ~ iismailavci,
2018-04-24 10:44 ~ cuadernodediciembre,
2018-04-24 10:44 ~ lidy_mode,
2018-04-24 11:06 ~ christinephotographycy,
2018-05-03 18:39 ~ milliioli,
2018-05-03 18:42 ~ anonimatojeans1,
2018-05-03 19:08 ~ takayuki.hiwatashi,
2018-05-03 19:12 ~ ghostlywolfles,
2018-05-03 19:14 ~ wm_kim119,
2018-05-03 19:15 ~ wilsonrivesp,
2018-05-03 19:18 ~ eliasso91,
2018-05-03 19:19 ~ visual.vis,
2018-05-03 19:20 ~ fotosvaluluppi,
2018-05-03 19:21 ~ recognitionwrestling,
2018-05-03 19:21 ~ choiyeji09,
2018-05-03 19:22 ~ iamrachijhoene,
2018-05-04 00:54 ~ nnnkkmochi__artworks,
2018-05-04 00:56 ~ uncle.with.camera,
2018-05-04 00:59 ~ theo_cft,
2018-05-04 01:00 ~ togicaaaaaan,
2018-05-04 01:25 ~ sara.kanik,
2018-05-04 01:26 ~ visualsbymortensen,
2018-05-04 01:29 ~ aryan_apex,
2018-05-04 01:30 ~ wjd_dls,
2018-05-04 01:31 ~ rfrdhlls,
2018-05-04 01:32 ~ _gelfiya_22_,
2018-05-04 01:33 ~ tayloren_fetish,
2018-05-04 01:34 ~ do_yun_23,
2018-05-04 01:36 ~ slig_nargy,
2018-05-04 01:37 ~ modaconme,
2018-05-04 01:37 ~ missmylephotography,
2018-05-04 01:39 ~ tan_ez,
2018-05-04 01:39 ~ egndca7304,
2018-05-04 01:40 ~ yhphotostudios,
2018-05-04 01:46 ~ hotel_studnicky_vernar,
2018-05-04 02:11 ~ mariasw.design,
2018-05-04 02:12 ~ dantinorm,
2018-05-04 02:13 ~ nightsky_ghamarinezhad,
2018-05-04 02:13 ~ suzysharpeart,
2018-05-04 02:15 ~ kj.jjeyg,
2018-05-04 02:18 ~ swiffer_,
2018-05-04 02:19 ~ jade_is_my_baby,
2018-05-04 02:23 ~ concoji,
2018-05-04 02:23 ~ yarikcorgi,
2018-05-04 02:23 ~ mmadoothegreek,
2018-05-04 02:25 ~ amyshrosbree,
2018-05-04 02:25 ~ micaela.rojas.u,
2018-05-04 02:28 ~ faruknarin,
2018-05-04 02:52 ~ ninebiene_jw,
2018-05-04 02:52 ~ isabellahewlett,
2018-05-04 02:54 ~ travel_agent00,
2018-05-04 02:56 ~ octoberstruly,
2018-05-04 02:59 ~ a_1127_t,
2018-05-04 03:02 ~ ari_12496,
2018-05-04 03:10 ~ ince_white,
2018-05-04 03:11 ~ khushii._95,
2018-05-04 03:16 ~ the.creative.potato,
2018-05-04 03:43 ~ aksessuar_blg,
2018-05-04 03:44 ~ joseph_pisani,
2018-05-04 03:45 ~ joelsemel,
2018-05-04 03:47 ~ i.m.crystal,
2018-05-04 03:53 ~ y_e_won__,
2018-05-04 03:54 ~ miyu_doll,
2018-05-04 03:56 ~ keiji.k,
2018-05-04 03:59 ~ itsdaero,
2018-05-04 04:00 ~ rj.ybanez,
2018-05-04 04:02 ~ mdb_travel_photography,
2018-05-04 04:06 ~ mtseriesriders,
2018-05-04 04:06 ~ _zeus_and_hera_,
2018-05-04 04:07 ~ thecrookedframe,
2018-05-04 04:07 ~ snowdenflood,
2018-05-04 04:34 ~ imtheo.thedoor,
2018-05-04 04:35 ~ ryoumei_9696,
2018-05-04 04:39 ~ solodovabeauty,
2018-05-04 04:40 ~ jennifer_emz,
2018-05-04 04:44 ~ elvarette.photoworks,
2018-05-04 04:45 ~ maya_mimi_m,
2018-05-04 04:49 ~ obat_herbalt_denature,
2018-05-04 04:49 ~ tomsato_photo,
2018-05-04 04:52 ~ sci.hyun,
2018-05-04 05:16 ~ photojourney_nature,
2018-05-04 05:17 ~ ibrahim_sha3rawi,
2018-05-04 05:19 ~ hirotaka.ok,
2018-05-04 05:19 ~ salomemartinez,
2018-05-04 05:20 ~ unleash.your.real.you,
2018-05-04 05:20 ~ thebrandingirl,
2018-05-04 05:22 ~ _l_hong__joo,
2018-05-04 05:27 ~ alessia__anedda,
2018-05-04 05:31 ~ lawra_30,
2018-05-04 05:35 ~ travellingaroundtheurope,
2018-05-04 05:37 ~ _hisashiburi_,
2018-05-04 05:40 ~ mjbjimenez,
2018-05-04 06:10 ~ sang_eo_ni,
2018-05-04 06:12 ~ thestagephotographer,
2018-05-04 06:13 ~ ceushoje,
2018-05-04 06:13 ~ marche_victor_hugo,
2018-05-04 06:15 ~ malwowproductions,
2018-05-04 06:42 ~ _renatvs_,
2018-05-04 06:43 ~ born_leo_08,
2018-05-04 06:45 ~ a.s_57c,
2018-05-04 06:50 ~ 3_8hz,
2018-05-04 06:59 ~ nfiitria,
2018-05-04 07:00 ~ en_uzaklarr,
2018-05-04 07:01 ~ landscapebyshawna,
2018-05-04 07:02 ~ mdteam.wa,
2018-05-04 07:03 ~ pol_jabluszka,
2018-05-04 07:05 ~ uauquelegal,
2018-05-04 07:29 ~ artofportraitphotography,
2018-05-04 07:30 ~ _marcjj,
2018-05-04 07:33 ~ skinshop.pm,
2018-05-04 07:34 ~ __kana.q__,
2018-05-04 07:35 ~ s.godinet,
2018-05-04 07:36 ~ m.3_0222,
2018-05-04 07:40 ~ prvn.ysr,
2018-05-04 07:42 ~ okaken_film,
2018-05-04 07:47 ~ breimannsweltofficial,
2018-05-04 08:13 ~ mattheyearbookdude,
2018-05-04 08:15 ~ veronika_shloma12,
2018-05-04 08:18 ~ lovephotographylana,
2018-05-04 08:26 ~ fliphtia,
2018-05-04 08:30 ~ panchopaaz,
2018-05-04 08:30 ~ andreaperaita,
2018-05-04 08:32 ~ lord.spike.design,
2018-05-04 08:35 ~ martin_koroscha,
2018-05-04 08:36 ~ sunsetapartman,
2018-05-04 08:59 ~ ognjen.kosmajac,
2018-05-04 09:00 ~ dylanpaul95,
2018-05-04 09:00 ~ marinabell.illustration,
2018-05-04 09:03 ~ madamesamira,
2018-05-04 09:06 ~ yyhrpr,
2018-05-04 09:07 ~ mintsetfocus,
2018-05-04 09:11 ~ photohousefilms,
2018-05-04 09:13 ~ mr.streetpeopleclassy,
2018-05-04 09:16 ~ davidelsol_,
2018-05-04 09:19 ~ redrootsgardendesign,
2018-05-04 09:41 ~ manos.sk,
2018-05-04 09:43 ~ alexpages__,
2018-05-04 09:45 ~ hanyanintasarimgemisi,
2018-05-04 09:50 ~ lolovyvy,
2018-05-04 09:51 ~ dongmontefalcon,
2018-05-04 09:52 ~ iremhelvacioglu.fxp,
2018-05-04 09:54 ~ anya_vilchinskaya,
2018-05-04 09:59 ~ m_regis,
2018-05-04 10:00 ~ joe_takes_fohtohs,
2018-05-04 10:01 ~ pacifikmoon,
2018-05-04 10:01 ~ the_ultimate_travellers,
2018-05-04 10:05 ~ sabine.s.art,
2018-05-04 10:07 ~ caroline__neubauer,
2018-05-04 10:26 ~ ssjtran,
2018-05-04 10:27 ~ kuznetsov_evgeny_photo,
2018-05-04 10:27 ~ journey.is.destination,
2018-05-04 10:30 ~ athena.ntinou,
2018-05-04 10:34 ~ karli.online,
2018-05-04 10:38 ~ leehsaibro,
2018-05-04 10:42 ~ lena_piter_live,
2018-05-04 10:43 ~ dianefotoos,
2018-05-04 10:43 ~ la_miu_,
2018-05-04 10:47 ~ ustunemre,
2018-05-04 10:47 ~ sabeamixtana,
2018-05-04 10:48 ~ arifismyname,
2018-05-04 11:13 ~ shakti_nicky,
2018-05-04 11:14 ~ iamyongkyxn1.89,
2018-05-04 11:21 ~ its_me_anucha,
2018-05-04 11:23 ~ gezginlerinkaresinden,
2018-05-04 11:57 ~ taralewisstudio,
2018-05-04 12:01 ~ selinnnozcannn,
2018-05-04 12:07 ~ discovermountains,
2018-05-04 12:29 ~ brahimecharqy,
2018-05-04 12:30 ~ mariajoveg,
2018-05-04 12:31 ~ thewildairphoto,
2018-05-04 12:34 ~ gruponovasa,
2018-05-04 12:44 ~ portrait_rg,
2018-05-04 12:45 ~ vancitycannadolls,
2018-05-04 12:47 ~ hugo_tssn,
2018-05-04 12:52 ~ auriebelche,
2018-05-04 12:53 ~ asli_tprk,
2018-05-04 12:55 ~ chiara.lombi,
2018-05-04 12:55 ~ nes_limi,
2018-05-04 13:17 ~ laylagerald,
2018-05-04 13:18 ~ drawingbw,
2018-05-04 13:18 ~ viprusakov,
2018-05-04 13:21 ~ drog._.ba,
2018-05-04 13:24 ~ beneficialbeauty,
2018-05-04 13:24 ~ chaimabof,
2018-05-04 13:25 ~ rhi_reynolds,
2018-05-04 13:26 ~ wonderwoman_ale,
2018-05-04 13:32 ~ bryan.luong,
2018-05-04 13:34 ~ kambiiiii,
2018-05-04 14:00 ~ deonnevins,
2018-05-04 14:03 ~ uniquepicturesnet,
2018-05-04 14:05 ~ spesialis_kehamilan_bunda_atik,
2018-05-04 14:09 ~ h_e_o.o2,
2018-05-04 14:15 ~ arantxaportopardo,
2018-05-04 14:22 ~ pavel.levap,
2018-05-04 14:22 ~ zuzanapaurova,
2018-05-04 14:49 ~ lavenderluvphoto,
2018-05-04 14:53 ~ xwhiten0ise,
2018-05-04 14:54 ~ ap._.photograph,
2018-05-04 15:01 ~ belikeaswan,
2018-05-04 15:02 ~ zacharysatori,
2018-05-04 15:06 ~ zeng_diana,
2018-05-04 15:33 ~ lucasmoredec,
2018-05-04 15:34 ~ dehricmoore,
2018-05-04 15:35 ~ ericjjensen,
2018-05-04 15:36 ~ lincolnpicture,
2018-05-04 15:40 ~ zeroalex__,
2018-05-04 15:42 ~ stymsachan,
2018-05-04 15:45 ~ shyanne_xoxo,
2018-05-04 15:46 ~ pandaeyez19,
2018-05-04 15:54 ~ purkinjefibers,
2018-05-04 15:54 ~ matiasfalbo,
2018-05-04 15:55 ~ just.visiting.earth,
2018-05-04 15:57 ~ selmabor,
2018-05-04 15:59 ~ georgetuli,
2018-05-04 15:59 ~ anurbanmermaid,
2018-05-04 16:18 ~ internationalgallery_,
2018-05-04 16:19 ~ c_ipaint,
2018-05-04 16:20 ~ valenjf,
2018-05-04 16:21 ~ takatsuka_kazuki,
2018-05-04 16:25 ~ dianeladelahoz,
2018-05-04 16:25 ~ moondance._,
2018-05-04 16:27 ~ la_quebecoise,
2018-05-04 16:29 ~ whosvirginia,
2018-05-04 16:30 ~ kalixxo,
2018-05-04 16:31 ~ koonkull.512,
2018-05-04 16:35 ~ modelcantiek,
2018-05-04 16:36 ~ sametphotographer,
2018-05-04 17:01 ~ eric.oh,
2018-05-04 17:03 ~ nina_parinas,
2018-05-04 17:03 ~ maichuan722,
2018-05-04 17:08 ~ seonga_21,
2018-05-04 17:16 ~ photolophy,
2018-05-04 17:17 ~ kari_naughton_photography,
2018-05-04 17:19 ~ bestillrenee,
2018-05-04 17:19 ~ stereocolors,
2018-05-04 17:20 ~ alya_kuznetsova,
2018-05-04 17:24 ~ dafnespektor,
2018-05-04 17:44 ~ kazoo007,
2018-05-04 17:47 ~ thesecondcoming.jpg,
2018-05-04 17:48 ~ chlocatttt,
2018-05-04 17:50 ~ goldenvibesonlyx,
2018-05-04 17:51 ~ dolovedee,
2018-05-04 17:54 ~ saunanenjulia,
2018-05-04 17:54 ~ jinkyung0514,
2018-05-04 18:05 ~ ivanshoot_,
2018-05-04 18:06 ~ mandy.tw,
2018-05-04 18:08 ~ guiarizette,
2018-05-04 18:08 ~ braydenmcewanphotography,
2018-05-04 18:09 ~ snail_bride,
2018-05-04 18:46 ~ legofreak,
2018-05-04 18:49 ~ royal_dream143,
2018-05-04 18:57 ~ malikashmooz,
2018-05-04 18:58 ~ insta_sammers,
2018-05-04 19:01 ~ pic.ichika.5368,
2018-05-04 19:07 ~ kevin_miley,
2018-05-04 19:09 ~ nikondxfx,
2018-05-04 19:28 ~ livefortodayphotography,
2018-05-04 19:34 ~ anie_jafraconsultant,
2018-05-04 19:39 ~ world.cohan,
2018-05-04 19:42 ~ mieke_rose,
2018-05-04 19:45 ~ path_finder_jd,
2018-05-04 20:08 ~ stefanomicozzi_fotoreporter,
2018-05-04 20:09 ~ kirin_su13,
2018-05-04 20:11 ~ jennbregande,
2018-05-04 20:14 ~ feedmegoa,
2018-05-04 20:18 ~ seguidorescol_oficial,
2018-05-04 20:20 ~ anahiscare,
2018-05-04 20:22 ~ dirtsidegirl,
2018-05-04 20:26 ~ niahadomuan,
2018-05-04 20:31 ~ beautiful.escape.from.my.mind,
2018-05-04 20:33 ~ ren_quality,
2018-05-04 20:34 ~ frenchie_backpack,
2018-05-04 20:34 ~ apidooo,
2018-05-04 20:35 ~ erzsetoth,
2018-05-04 20:53 ~ extrafromesther,
2018-05-04 20:58 ~ gabeoliveiro,
2018-05-04 21:00 ~ paranoiac_paradise,
2018-05-04 21:03 ~ yiyxrim,
2018-05-04 21:04 ~ emiiijooo,
2018-05-04 21:05 ~ _noaseyo_,
2018-05-04 21:05 ~ wickedclicked,
2018-05-04 21:12 ~ mabizness22,
2018-05-04 21:16 ~ microphotogenic,
2018-05-04 21:49 ~ august_ty,
2018-05-04 21:51 ~ munesox,
2018-05-04 21:52 ~ khamphetsakda,
2018-05-04 21:54 ~ bradhyde__,
2018-05-04 22:01 ~ ozymanndias,
2018-05-04 22:01 ~ be_luc,
2018-05-04 22:02 ~ topsail_images,
2018-05-04 22:21 ~ princessnaria,
2018-05-04 22:24 ~ asif_tailor,
2018-05-04 22:25 ~ vikingodelsud,
2018-05-04 22:26 ~ robytremonti,
2018-05-04 22:28 ~ opinio2,
2018-05-04 22:30 ~ caat_o,
2018-05-04 22:30 ~ shivam__gopale__ss,
2018-05-04 22:37 ~ marsofmars,
2018-05-04 22:40 ~ eglantineenilorac,
2018-05-04 22:43 ~ leovinicius_rj,
2018-05-04 22:46 ~ d_andy82,
2018-05-04 23:07 ~ mcewangallery,
2018-05-04 23:08 ~ tattooedbyeric,
2018-05-04 23:15 ~ kmzz1_,
2018-05-04 23:24 ~ etna_bestphoto,
2018-05-04 23:27 ~ auliastore_jogja,
2018-05-04 23:52 ~ tempattiduranak.ig,
2018-05-04 23:53 ~ sl7z.e,
2018-05-04 23:54 ~ thenotsonotoriousmma,
2018-05-04 23:55 ~ h_jin786,
2018-05-05 00:01 ~ fake___monk,
2018-05-05 00:02 ~ worldroamers_undercover,
2018-05-05 00:03 ~ barrettojoe,
2018-05-05 00:10 ~ char_jayne_smith,
2018-05-05 00:36 ~ blessonv,
2018-05-05 00:39 ~ avogella,
2018-05-05 00:40 ~ mvryjvne.ph,
2018-05-05 00:41 ~ lettucethedog,
2018-05-05 00:42 ~ itzbunty_,
2018-05-05 00:45 ~ pdoublemz,
2018-05-05 00:48 ~ ilonasemianivska,
2018-05-05 00:50 ~ pwcollections,
2018-05-05 00:50 ~ mariagiuliari,
2018-05-05 00:54 ~ nielsvde,
2018-05-05 00:59 ~ stonehengeofficial,
2018-05-05 01:01 ~ _beaudouglas,
2018-05-05 01:26 ~ thao.ng__,
2018-05-05 01:28 ~ thomaslzc,
2018-05-05 01:31 ~ joyeyes91,
2018-05-05 01:35 ~ 201movementtv,
2018-05-05 01:38 ~ fourfourphotography,
2018-05-05 01:41 ~ 5.7.83,
2018-05-05 01:41 ~ xicah_92,
2018-05-05 02:02 ~ dan_gargan,
2018-05-05 02:02 ~ yu_chia_1,
2018-05-05 02:03 ~ larasantaellafoto,
2018-05-05 02:03 ~ sinan.yayli,
2018-05-05 02:03 ~ micha_sgr,
2018-05-05 02:05 ~ larisa.lubianka,
2018-05-05 02:10 ~ i_momo_um,
2018-05-05 02:15 ~ lucilleismine,
2018-05-05 02:17 ~ svsakca,
2018-05-05 02:17 ~ kovtyn_anna,
2018-05-05 02:19 ~ noortjeartz,
2018-05-05 02:20 ~ rinkarna,
2018-05-05 02:20 ~ more_art_on_earth,
2018-05-05 02:24 ~ dani_dejong_photography,
2018-05-05 02:25 ~ thom_lili_lvl,
2018-05-05 02:27 ~ ali_kaid9126,
2018-05-05 02:47 ~ torrence_gervase,
2018-05-05 02:50 ~ georgevekic,
2018-05-05 02:56 ~ casatrunq,
2018-05-05 02:56 ~ urz_akash12,
2018-05-05 03:32 ~ francescaingallinera,
2018-05-05 03:33 ~ earljohnsison,
2018-05-05 03:34 ~ dewaseptiyardi,
2018-05-05 03:34 ~ iiisheriii,
2018-05-05 03:36 ~ photo.graphy_ch,
2018-05-05 03:39 ~ bastibijman,
2018-05-05 03:42 ~ kidsonfaith,
2018-05-05 03:44 ~ elenamerchan97,
2018-05-05 03:46 ~ zoksmzulwini,
2018-05-05 03:47 ~ photogregraphy,
2018-05-05 03:48 ~ cutthrustudio,
2018-05-05 03:56 ~ imfrederiksen,
2018-05-05 03:58 ~ sveinta,
2018-05-05 04:00 ~ _simonarch_,
2018-05-05 04:21 ~ du.rami,
2018-05-05 04:23 ~ missatlantajohnson,
2018-05-05 04:25 ~ jaqueline_bgh,
2018-05-05 04:32 ~ philipp8314,
2018-05-05 04:33 ~ juste_une_bulle,
2018-05-05 04:37 ~ hiro_mp12,
2018-05-05 04:38 ~ englishmum,
2018-05-05 04:39 ~ sonia_sga,
2018-05-05 05:07 ~ sergey_senchenko,
2018-05-05 05:11 ~ people_with_class_fashionblog,
2018-05-05 05:13 ~ rjsuyom,
2018-05-05 05:15 ~ jessica_clavier,
2018-05-05 05:18 ~ sbechei,
2018-05-05 05:19 ~ gogu.cosmin,
2018-05-05 05:21 ~ vvbeeart,
2018-05-05 05:43 ~ chiangxingart,
2018-05-05 05:50 ~ nnm_princes,
2018-05-05 05:50 ~ hee_eee__,
2018-05-05 05:52 ~ domaansk_a,
2018-05-05 05:59 ~ aguasshyne,
2018-05-05 06:01 ~ meredithhowseart,
2018-05-05 06:30 ~ tiffany801.hwang,
2018-05-05 06:32 ~ milo_pup_luv,
2018-05-05 06:33 ~ shin12306,
2018-05-05 06:40 ~ adamhorvath7,
2018-05-05 06:42 ~ brie.cherie,
2018-05-05 06:45 ~ hello._.katie,
2018-05-05 06:48 ~ lobsterwhat,
2018-05-05 06:49 ~ special_imagination,
2018-05-05 06:50 ~ semikphoto,
2018-05-05 06:51 ~ kalidi,
2018-05-05 07:10 ~ sajinpark,
2018-05-05 07:11 ~ darinkamit,
2018-05-05 07:12 ~ achaja_photo,
2018-05-05 07:13 ~ creationtattoostudio,
2018-05-05 07:16 ~ surendar_sirvi,
2018-05-05 07:17 ~ cajondemariposas,
2018-05-05 07:19 ~ giovannisalvosalvatore,
2018-05-05 07:27 ~ fl08_,
2018-05-05 07:29 ~ _juliaburin,
2018-05-05 07:30 ~ wildlifeexpeditions,
2018-05-05 07:35 ~ mainak.hazra,
2018-05-05 07:54 ~ sndkhhh,
2018-05-05 07:55 ~ ph.roizman,
2018-05-05 07:59 ~ efi_foufi,
2018-05-05 08:01 ~ lecandyboi,
2018-05-05 08:01 ~ framolly,
2018-05-05 08:02 ~ karengutic,
2018-05-05 08:07 ~ perspective.1.8,
2018-05-05 08:40 ~ plastikphoto,
2018-05-05 08:43 ~ lionhart_photos,
2018-05-05 08:47 ~ yes_iam_jarvis,
2018-05-05 08:48 ~ _para_bellum_,
2018-05-05 08:50 ~ thegirlyclubx,
2018-05-05 09:00 ~ pazsionofficial,
2018-05-05 09:02 ~ franken_klaus_unterwegs,
2018-05-05 09:05 ~ travel_memories_x,
2018-05-05 09:06 ~ iv4n92,
2018-05-05 09:30 ~ moviesserieslovers,
2018-05-05 09:32 ~ bibifaith76,
2018-05-05 09:33 ~ emilylee1101,
2018-05-05 09:34 ~ patriciajohnsontx,
2018-05-05 09:35 ~ kaflenborges,
2018-05-05 09:37 ~ pova_queen,
2018-05-05 09:42 ~ giada.squinternata,
2018-05-05 09:43 ~ i_travel_somewhere,
2018-05-05 09:46 ~ sarahgourdon89,
2018-05-05 09:46 ~ sula_wanders,
2018-05-05 09:47 ~ landroverdelasamericas,
2018-05-05 10:11 ~ mogulasa54,
2018-05-05 10:14 ~ bettoaguilera,
2018-05-05 10:15 ~ tsundcrre,
2018-05-05 10:16 ~ cabsxxbars,
2018-05-05 10:21 ~ elinstagrad,
2018-05-05 10:22 ~ murtuza1810,
2018-05-05 10:23 ~ daniyal_travel_ltd,
2018-05-05 10:27 ~ usamamohaarphotography,
2018-05-05 10:27 ~ james_fortis_ffxiv,
2018-05-05 10:28 ~ tyanaarviso,
2018-05-05 10:58 ~ aiko_adventures,
2018-05-05 10:59 ~ jowisdrawings,
2018-05-05 11:02 ~ texassiblingrivalry,
2018-05-05 11:03 ~ echthartmann3,
2018-05-05 11:05 ~ sirenbra,
2018-05-05 11:06 ~ sumeyyeadn,
2018-05-05 11:11 ~ keaganvandusen,
2018-05-05 11:13 ~ supremoabe,
2018-05-05 11:39 ~ albert_garcia27,
2018-05-05 11:40 ~ yazzyfizzl,
2018-05-05 11:43 ~ rene.rsp,
2018-05-05 11:54 ~ ruhunpenceresi0,
2018-05-05 11:58 ~ digiknol.eu,
2018-05-05 12:19 ~ hannahfeuka,
2018-05-05 12:22 ~ breslerquartet,
2018-05-05 12:24 ~ priemus_photography,
2018-05-05 12:28 ~ bazenkoy,
2018-05-05 12:33 ~ mariaa_avilez,
2018-05-05 12:38 ~ travellwithpratik,
2018-05-05 12:40 ~ ketturouva,
2018-05-05 13:01 ~ mekasblog,
2018-05-05 13:02 ~ diegozonn,
2018-05-05 13:03 ~ jinliniscool,
2018-05-05 13:04 ~ ness.bs.lifestyle,
2018-05-05 13:10 ~ tatia_belskaya,
2018-05-05 13:12 ~ ciroviglione,
2018-05-05 13:14 ~ mayconbarberstyle,
2018-05-05 13:14 ~ czech_evanapravnikova,
2018-05-05 13:15 ~ iztaeh,
2018-05-05 13:17 ~ disha_roychowdhury,
2018-05-05 13:18 ~ fleur.de_coquelicot,
2018-05-05 13:22 ~ kaagnesh,
2018-05-05 13:23 ~ janneontoour,
2018-05-05 13:51 ~ tomo4ca,
2018-05-05 13:54 ~ multygains,
2018-05-05 14:34 ~ illshootyouphoto,
2018-05-05 14:37 ~ _ma.yas_,
2018-05-05 14:41 ~ harry.s_asf,
2018-05-05 14:44 ~ radiographista,
2018-05-05 14:47 ~ madeleine.gr6ce,
2018-05-05 15:11 ~ edwinakatephotography,
2018-05-05 15:16 ~ sergiomendozaph,
2018-05-05 15:20 ~ _marvinzidane_,
2018-05-05 15:26 ~ chisatomiyajima,
2018-05-05 15:27 ~ nquintero,
