fotografopittorealista,
itbemollie,
robsomersphoto,
chanellecursed,
charleymmarkett,
soleeeee_castroooo,
pencil.of.can,
rahul_singh_negi,
breezyraw,
portrait_acril,
sexygirls.9669,
maximiliano.jaime.xx,
susanti3950,
gaizkandree,
katietenboer,
thiagodragco,
kino.6336,
mxintire,
jo_eunn,
we_can_think_of_a_name,
dim_pon1604,
unbeatabledanceacademy,
the_amateur_anthropoid,
iamishhikaaazad,
mr._robin_ra,
cyet_,
___a.r.t.98___,
the_little_globe_co,
yuliia_aiiluy_,
__yul_19,
gooyang_ct,
rafiullahshadizai,
jenn_moves,
undivino,
marie_verdurmen_workshops,
q8cars_japan,
paul_dear,
jeong_jaehoon,
stcrgvzing,
lavue_joo,
babyhealtythailand,
edhosatria_,
jengibblet,
heropark0106,
makeupby_rixoxo,
uventa.sveaborgskaya,
jini_flower,
lalaa_n_co,
chaewon_0428,
yuanita_anggit,
lesley._.mlbb,
cqlics,
morenovi,
vymyshlennaja,
hokatart,
aryancasey,
maulidashifaa,
elin.eun,
sighroyals,
_and.u,
jae_esss,
o_o.j.w,
_rosmara_,
i_am_hiten0005,
the_blackbuck,
artist_valentinka,
bohemia_bay_studio,
oh_oh_dasha,
docodoco.m,
megandelecluse.photographer,
anna.sed,
c____su_y,
m_z_offeciel,
nillaq,
miguel_martim,
atnightwetakeovertheland4048,
aeri.948,
chrissie0210,
hyevely_0423,
_shfqizwn,
verdecaffe,
asacamera,
gemlee.tw,
yhdoong_2,
lorenna.fernandez,
life_of_a_directioner_girl,
lucie_legrand_,
ahn810,
chlos_pictures,
faroxiddin___,
cassandre_dumain,
notantoon,
thebridesmakeover,
givenroyal_shop,
evaadlsr,
p.mdrs,
benepartt,
soheyl_art_1,
chelpiar,
artituseni,
sabpstr,
ironiasda_chaves,
dream.maia,
bernaszzani,
elisa_0210_,
can_tan_te,
seeto_studios,
digaragui,
top_indian_models_1,
lceun,
lacivert80,
queen_lia_mekka_,
space__fox,
_mononoke_s,
fluie_juillet,
s___c09,
heather3034,
upright_tea,
sofiamessina,
rienysmee,
to.thee,
diamondsfordorothy,
themileyland,
cate.s.94,
i_z_z_z_a,
m_k_fs,
mariarajakallio,
zerfxllene,
roromenduttegal,
ladybaaaaang,
cutiemaluu,
j_mooogi,
infatuationcreation,
akioguchi,
helenacocentino,
livwiththehair,
amiefashionofficial,
0so_yun2,
cosmohairstylinghuizen,
juh_mz,
irisnaomiapril,
ggggk_91,
stupidteenag3r,
josibraggafotos,
ekaterina.aristova,
janulary,
giusygarofano_,
figliodiuntemporale_,
__saj__aa_12,
mizukimitsuoka,
elena__atagul76,
adorablyblonde96,
mina_9070,
leemihyun_n,
rikrds,
tayloralesia2018,
lunatictravel.co.uk,
moiseevaworld,
08.__.30,
dina2408,
estoy_adriano,
deba.deba,
andlu77,
ma15official,
matteo.dibo,
fancyphuk,
__carpediem_z,
abbyandhercurls,
tailortrucks,
chiarisol,
el3nem,
perbacco,
zelena_kuca,
thefootballgram1,
__7hui__,
dnongelxx,
canerbulut_,
chiarabianchino_travels,
thateeriefeeling,
etermarcin,
misskucner,
avludiziitr,
teddythelabradorr,
exotic_supercar_world,
mayaki.co,
helloesposito,
muhdickypratama,
3.33qm,
yeoleummm,
therealstephlee,
sensuality_photography,
lou_viva,
dozedaze89,
divyas_portal,
criiisstina,
saintabels,
fakemagazene,
bobmariani,
netskyde,
poupouille.pictures,
ogpoloboy,
fot.tabin,
anotherguynamedmark,
404.style,
an_tagonica,
chaeyxungk,
theevil.dana,
miss_aesthetical,
neoul_yi,
msfitxo,
vezlonenergy,
thetphone_suefuse,
joywt,
kurnia_photo_video,
karina_nyblog,
gulsumcetin4130,
uuu10_28,
rawgrunge,
oooldlady,
miriamjulietzalapa,
hafizpioneer,
harsh_official04,
chizhovamarina_ph,
landolfipablo,
zendaya_news,
swadeillustrations,
_siiiddd_af,
bob_dotson,
vely_ioi,
breathesinbetween,
plm.skinshop,
gagandeep_skyler,
llilly_stark,
jessiferr_,
lowx4,
successinfluencestory,
jane.macdonald.photography,
jiy000n_0527,
rinchabin,
parzkchanyeol,
ptcgda,
katissamess,
shakandmegproduction,
endrsolren,
russianmanors,
insta_fashion1_,
bassviolence,
ashish_kapadiya_official,
saini_dev_,
x.phxtxgrxph.x,
ljuderose,
_nabemari,
thacianecadilha,
bosya_privat,
min__.e12,
kiku_6,
talpix_,
arietpeach,
iamworkfortravel,
lophre,
smp_photography_au,
chocolatine_burgwald,
fhotolis,
esthergoroskieta,
makvi_ph,
lula.braun,
timothyhellyeah,
bartenderfrednieto,
akoabi_official,
withyoufefe,
archivesimaria,
arzu_orapa,
flowercafe_maehwa,
saqibhussain7,
moviepups,
novemberkindx,
__kardi__b_,
litzy17,
bydesignmia,
http.toziers,
anskuijpers,
wilderness_walks,
beatysshopmsk,
intiperustore,
_that_kiwi_,
b_e_n_jii,
flaviadenegreiros,
littleangell8,
nitabaru_foto,
fivebuteras,
sin.istersister,
tylersphotography12,
girllpaper,
alonehue,
selenagomezandjustin.baybies,
lilelmarie,
rcp_ulg,
p_bear1123,
evie_alice_,
icecreamonmybelly,
robi_s94,
nnn.uz,
cemanilkenar.fan34,
ateebtasaddiq,
giulia.gogiali,
femnne,
grandezfan,
njhlegend,
carlosfreitaslobo,
alyonaenergy,
travel.__experience_blog,
jm.k_ftg,
desires_of_the_foodaholics,
davewyman,
andayanica,
kaitlynnecaldwell,
adrianroditis,
lustfullbeauts,
angelamdh_,
c_rim__,
belluoccioluana,
larbarss,
ritabirra,
tonapolitano,
fotografias_peru,
ivan.calle11,
nadiinegram,
sullestrade,
lau.gl,
starboijojo,
galuh_ca4ya,
ilsangilzzi_is_cray,
arsenelupinxiii,
ellapustowoi,
hegibiketours,
pearly.wyde,
doell_77,
ruhig.geist,
kamila__style,
jayasriaradhya,
gxrneyme,
trenchdad,
hye_s_u_,
earthoakphotography,
na_0_0_0_,
ico7n,
tecuidomaia_,
__biker__19__,
angela.veldhuizen,
2018_04_02,
_grccdyforlcvex,
julissavilcazelada,
wildberrydrops,
h.u.g.o.s_photography,
heaven_ing,
hisobagshop_1,
milana_s.off,
sum_photographer8175,
bollypeach,
jebh56,
arm_khan_fan_club,
millanamoskalenko,
erwanndllc,
yaseminozlhan,
gianlucamangiavacca,
bad_vo1ce,
patricianogpo,
cincona_12,
vikaskaushik98,
tato_tattooartist,
irsydluqman,
ural750cc,
ed_marcal,
pixlrfox,
b_dmas_baccha.________,
manong_,
lukashorky,
shew52,
ezggyl,
alicia.ann.laliberte,
gordeeva_kt,
nachelle_homestay,
jessica_sisy,
johnnymccabe_artist,
uj._9782,
aesthetic_deshi_goddess,
fynow,
173.49_supermodel,
irrituable,
the_northern_lights_gallery,
tribemarkmedia,
