mariyan_d,
wamplerphoto,
jnsmeyer,
noya.bon,
theenineties,
annakats13,
carroedracula,
ersivou_photography,
itsvalentinesv,
nmijanovic,
kayla___dias,
royallanphoto,
super_mye,
katelynrosephoto,
aprilessingtonphotography,
notflippy,
thedaikuwabara,
noriaki.artworks,
angel_lon,
ksubunk,
melicastrillonp,
stopmesilver,
johnl.amigon,
axelbaur,
avery.mccullough,
todaro_laura,
miriamzoraengel,
koval_retoucher,
vincent_delannoy,
christinalauderportraits,
fotografopittorealista,
selcukarik.dr,
anis_sdj,
sunlessroad,
itbemollie,
portraitplayground2018,
mikebinkfotografie,
ellisberankova_photography,
eagleportraits,
moisidoumarianna,
charlottegracemoore,
daisyflintholm,
kassiwithacamera,
anya_alexaaa,
airisa_photography,
kotani_kun,
danielemango.21,
popomohamed412,
marek.radomski.photo,
huon.barlow,
fasaver,
tygerianlace,
official_promote_profile,
iviom,
itaintkelstho,
antonkurza,
j0landi,
ph_matthews,
chazdubai,
hannaostashver,
en.yildiz,
crenee_photography,
mireille_photo,
gallery_qbi,
_peterchristian_,
kill.izzy,
luismarinhobarros,
matt.wilkshire,
gabebarmer,
kylie.cult,
lularoeaprilschleicher,
positivelypri,
mi.zzia,
mbptyo,
theheadshotcompany,
evertonsilvaskate,
ronycadavid,
aleph12,
kosovac_mirza,
lumy.blog,
diorvsangels,
cutenessbeech,
klakk_kent,
vivioraa,
mayuxxx319,
artsandhearts,
_____taes.pic,
zaza_uchaneishvili,
maria.schillaci,
eto_pleasedie,
theresa_photography_uk,
nahuelhawkes,
portraitphotography_by_s,
isovisual,
akaash_soekhoe,
_mindset__,
robsomersphoto,
dilonrosseau3,
boni_in__,
stgdestiny,
jeremy_rodriguez_,
rajput_anish_pratap_official,
nyang_ssum,
maxdcar,
windwindow98,
gamkaid,
ilikedance16,
chanellecursed,
miziworld,
jazzcast07,
ahmeednasser_,
michellephamtran,
leli_fl,
mysteriousartman7673,
loi.ph,
castellanos0731,
afetobfn,
luisa293,
miiiiiko74,
jakubsulkowski_,
mariahalkiasart,
annchanelvp,
saintclairpics,
dermolotov,
samluk.uk,
thealkimis,
kyky1987kyky,
wysprcreative,
im_not_a_weirdo,
akatek_chief,
offfwaves,
genemedina07,
feyachik,
kae_slays2,
joyannmcintosh,
mmelisaar,
luxxnikon,
bernardbbt,
ninabfn,
aoi_shiu,
limht4827,
shayanhathaway,
cosmothecorgo,
blvckblinks,
papa_prrona,
w___hwi,
cal_christophe,
mas_art18,
sebasrd,
kkynleysmoker,
shaziak13,
aris_4fm,
ipii,
mariambisi,
vivre.sa.vie,
humairoh_rajut,
mohdahmed_91,
feedmha_,
bruk_97,
jdixon97,
___hoi2525,
natalie2626___,
agussalim.pwt,
inkability_tattoo,
abrahamdelag,
lostcivilization11,
salmahodhodphoto,
gur_itihas,
paulamay.photography,
deepanjalidasmitra,
the.depressed.pinup,
chanmusical,
fshnmy,
delicatefragrance_,
thatshrimpemily,
dmstreet.h,
mallow_pic,
cucaptured,
charleymmarkett,
wisdomofart,
solivigants,
cochi_order,
soleeeee_castroooo,
xxhye.p,
danijel_vucko_osk98,
_hnk_piano11_,
mahin6749,
sofiaarangojimenez,
jrmphoto,
virginia_lazo_,
kevintranc,
cactusradish,
rye.nato_teambread,
homeworkoutvids,
caroldiblazi,
horror_petty_baby,
alnatural___,
_je.k_,
karol_ou_tini_,
deborajuniartha19,
aylinsim__,
pencil.of.can,
meetingnode,
vanilla_snap,
pranabesh.sana,
casielbonada,
mhj.photography,
pretinhajacque,
striukkk,
l.gor,
glamjuiceee,
akahoshilesta,
nlow__,
diannabellee,
liveost,
ujaaa_ori,
dayahnh_collection,
roniikristian,
goju831,
jefferyhaugen,
naoki.pak,
laritaquesx,
traveling_pictures01,
obusa_gram,
cindy_espinosa,
fauziaab,
ajrose_xx,
lovely_place_two,
mahesh_babu_offil,
snovanoch,
amethystaiko,
bggermandoglovers,
ary.labe,
catastroph_,
zentao37,
still.90,
eshal.bookstore,
novinaoctavina,
tellme.astoria,
joannebeauleruggles,
alex.2e,
unanstay,
princess__simmi,
murdan.dan.1,
sydrichphoto,
fedbbycdscv,
ugh_grace_,
moonblank17,
alice_inki,
elenatalenets,
moodyportraits_,
rahul_singh_negi,
breezyraw,
portrait_acril,
sexygirls.9669,
maximiliano.jaime.xx,
susanti3950,
gaizkandree,
katietenboer,
thiagodragco,
kino.6336,
mxintire,
jo_eunn,
we_can_think_of_a_name,
dim_pon1604,
unbeatabledanceacademy,
the_amateur_anthropoid,
iamishhikaaazad,
mr._robin_ra,
cyet_,
___a.r.t.98___,
the_little_globe_co,
yuliia_aiiluy_,
__yul_19,
gooyang_ct,
rafiullahshadizai,
jenn_moves,
undivino,
marie_verdurmen_workshops,
q8cars_japan,
paul_dear,
jeong_jaehoon,
stcrgvzing,
lavue_joo,
babyhealtythailand,
edhosatria_,
jengibblet,
heropark0106,
makeupby_rixoxo,
uventa.sveaborgskaya,
jini_flower,
lalaa_n_co,
chaewon_0428,
yuanita_anggit,
lesley._.mlbb,
cqlics,
morenovi,
vymyshlennaja,
hokatart,
aryancasey,
maulidashifaa,
elin.eun,
sighroyals,
_and.u,
jae_esss,
o_o.j.w,
_rosmara_,
i_am_hiten0005,
the_blackbuck,
artist_valentinka,
bohemia_bay_studio,
oh_oh_dasha,
docodoco.m,
megandelecluse.photographer,
anna.sed,
c____su_y,
m_z_offeciel,
nillaq,
miguel_martim,
atnightwetakeovertheland4048,
aeri.948,
chrissie0210,
hyevely_0423,
_shfqizwn,
verdecaffe,
asacamera,
gemlee.tw,
yhdoong_2,
lorenna.fernandez,
life_of_a_directioner_girl,
lucie_legrand_,
ahn810,
chlos_pictures,
faroxiddin___,
cassandre_dumain,
notantoon,
thebridesmakeover,
givenroyal_shop,
evaadlsr,
p.mdrs,
benepartt,
soheyl_art_1,
chelpiar,
artituseni,
marco_pirovano,
alexiscardoza1,
inked_sara,
bts_official3433,
pizzonoticias,
evelyncarmona,
sabpstr,
ironiasda_chaves,
laosthecat,
ronyjavierd,
kira___kuznetsova,
soheavyclouds,
chu_mean,
marionmacaudiere,
_paul___,
alona_ramsay_photography,
arihmt,
btissam_marzouki,
celestesloman,
brunohenriquehcs,
mambo_kings_,
argo.o,
calkolakennel_nj,
cri97cri,
priscilaseijo,
dream.maia,
a.patriick,
carcelenfc,
bitchesbrew_,
natsume.ya,
spesialis_kandungan.01,
bernaszzani,
yosshi609,
jdotsdot13,
cf_lambda_ghedi,
provocador.cultural,
d76c41e6_2,
elkaiquejorge,
emre.ugrun,
uncharteddestination,
_cmmy,
delanipostedthat,
lucky_j2018,
indychloee,
min.uuu,
_k_stacchini,
abeliku_bcn,
elisa_0210_,
rosiesuphamon,
camiacosta55,
nv_photog,
marcusdelizzottiphoto,
tristanruark,
zeydraws,
truly_aaron,
javiervera.fotografia,
camarqqs,
monsterchels_art,
joshleeaikin,
ayananakamura,
mgelegantdesign,
victoriabezyphotography,
celeste__k,
goducas,
andreakungphotography,
misako_saiki,
jessicaphantomhive,
morganthemonk,
juditartist,
yelkenyachtclub,
feernxndv,
fotos_jebus,
jean_gouveia,
abatecarmine_,
__aminooon,
can_tan_te,
pzamora_photo,
seeto_studios,
kouki_sugeno,
farbenzauber_curvyworld,
batikfatmajaya,
editsiara,
_.the_art_gallery_,
mocheexs,
infinitelycute.ig,
samdinnn,
03_sooa101,
jongchun.p,
jfrankvisuals,
cerlov,
fitzpatrickjoseph,
littlckinks,
blankpathos,
itsmy_uzz.gram,
__moonlee_,
top_up_feeds,
cruel_crouton,
srnphoto702,
digaragui,
top_indian_models_1,
litzyavalos17,
arischtia_lin,
pusatgrosiraw,
kahi__ankahi__baatein,
m.o.e.03.14,
itsskin_tatar,
emilyvsands,
hajime.oo,
freshlifeonly,
motivationalzone1,
ahtinknebmuk,
ambejphotography,
kiapabalinas,
eluz_m,
l.xxdoyxon,
ped_.ro,
blended_odyssey,
eightyandtwo,
junniehwang,
treehillsbraleyton,
touchone21,
moniquekurai,
maymayordd,
sheenaruchte,
dariovargasv,
saumorais,
joselobeat,
xuanfanxuanfan,
stephiecrump,
travelwithme54,
_giveitathought_,
teri_shizukaa,
kittkathkat,
radualinphotography,
516owl,
a.spacegallery,
wita_aellife,
_sazzie,
thomas.herbers,
starrebaum,
twisted_akira,
official.database_100k,
skincaresaimaii,
from053_,
foodiesyard,
_13hn,
cute_eunddo,
anirudhmahawar01,
porvcsidolos,
_sheselfs_,
artist_arsh_,
elexas_artistry,
sky__a.t,
bangtan.pakistan,
dunia_bocah,
yehielo,
skincarepapa,
__ju.0__,
fabtwww,
getrichwithbaker,
_______jiiioneeee,
flo_lechner,
lazy_sukii,
serendeipitei,
julienbooking,
rac1361,
d.ts___,
sarkilarceviriler,
faqjapan,
jan.18_x,
cosanostrah,
emre_yonel,
aflorcodino,
haugsrudiphoto,
jerrycik,
khomutova,
nolcvin,
thefoxymomager,
anikaseech,
twinkle_525,
boiko_viktoriia,
alicealisss,
bambam.shopz,
hannahkamalofficial,
itsjustroxy,
lee___19961209,
where.about.now,
dk_dreckz,
just_living_interiors,
hh1997ss,
vishupanchal143,
lvdput,
gabiphotoart,
mattcerwen,
putrinorm.png,
katykovalevaart,
levinadarry,
rmanudzha,
i_am_matticus,
henrienricophoto,
anna_shirakawa,
aversev.v,
nirmal_prajapatti,
the.djole,
jose.sosa.8,
jabbar_waladun,
jazmine_kaiva,
avocadodaddykins,
lceun,
lcvekook,
masataka07,
vane.bartra,
kozmadyachkov1995,
beaulieu15e,
anneclairemoore,
timmsander,
777hector,
keviccccc_24yo,
vikavoytovich,
xcessiive,
trovarelliantonella,
dimitris_pz,
keo.graphicdesign,
constantine.goncharoff,
giovannilorenziphoto1,
pikaichi81,
097d_,
animedv_,
womenfromearth,
__marykaa__,
fashion_shop_look_official,
wonderful_pic4u,
cleanlivingclara,
mayanksethi85,
goham.earl,
farrahekeroth,
aleynatilkiloves,
bianckinitan,
jamiekanara,
artofclans,
tezoruce,
sweet_tooth_events,
mfauzihaidarhilmy,
lacivert80,
chloe.artdraw,
daniel_david_1,
jun_suzuki_3152,
iamfranzregalado,
alberto.fogliata,
dontpickroses,
eun_joo_s2,
amelieaoki,
kimhwan_2,
giuseppe_vitrani,
annika1505,
inoutarch,
purnachi10.pc,
avarskiy.qrup,
_lnkl_ps,
queen_lia_mekka_,
salbinthomas4_6_1_1,
sabeycr7,
love_kunkhmer,
eye_photography_studio,
ariannaodon,
llijkl00,
celebrityfacts.tr,
__cool.kidz,
sumday._,
blatnoy_niva,
space__fox,
alican_onunbas,
_mononoke_s,
chanhao92,
fluie_juillet,
photo.studio.seleson,
mathieumrc,
iamshael,
g_dog96,
trevorbrookesphotos,
robert_s_fotograf,
lunepalee,
indian_dslr_lovers,
s___c09,
sofiasilvavaz,
heather3034,
yoni__nail,
_abijith_as_,
upright_tea,
sofiamessina,
rienysmee,
hollie.bree_photography,
sarahcadusch,
rea___0123,
thebeachismyhappyplace,
anoanu_,
tizerhaye_tabliqati,
byjmargareta,
flatphotostudiofield,
photospunctuatemylife,
joanminder,
amazigh_nation,
charasmusicphoto,
probablynotnico,
alfredominea,
_notremaison,
fuga_official,
reddevilangeldast,
megu.shimo,
jorgeyong,
udaipurflare,
deadly_rays,
baby.art_janczewska,
jihyeyazzz,
to.thee,
diamondsfordorothy,
danar.photography,
themileyland,
00.05_19,
devonhackettphotography,
doublesdonathan,
rishabh_fashography,
1spade1,
cate.s.94,
hananana7244,
mademoiselleclarinette,
christian_ks_photography,
i_z_z_z_a,
amdo_photo,
theblessed.one1,
ahmed_aboshy,
m_k_fs,
mariarajakallio,
zerfxllene,
kentoo__y,
giulia_coglitore,
__y09_p,
manonmoulin,
achka16esketit,
horizon_ita,
misskatiepeters,
mauiandrahyne,
arkoling,
roromenduttegal,
helicoptcr,
sypes_art,
noi_con_te_team.mario.serpa,
k9cutiess,
mc_chartier,
nandodeal,
_kody3,
personaclique,
jinchaaaam,
michalsneberg,
yirmi_besinci_kare,
11.__.09,
wooine_photo,
_leviterrell_,
raudezariel,
giusydavino,
the_filmygyan,
landini_yahroma,
_yuuuuust,
j_spehar,
fayros,
alex_semeniuk,
kandyglopez,
photochimica,
droga_do_nibylandii,
ladybaaaaang,
multifandom_fc,
__makidai__,
imainhi,
a_d_photo_graphy,
ai_mai_na,
voguifyed,
cutiemaluu,
j_mooogi,
infatuationcreation,
a_j_gent,
almasy_zsolt,
akioguchi,
helenacocentino,
livwiththehair,
amiefashionofficial,
rati_foto,
les.yeux.de.lau,
javierhenriquez,
0so_yun2,
cosmohairstylinghuizen,
juh_mz,
2._.zini___,
deliengin,
noemitivisini03,
luisvillarreal_,
cristalcraftphotography,
indigodemon5135,
irisnaomiapril,
nina_malinay,
wnan3979,
hauberk.shit,
sulegaliba,
_.na.di.ne_,
darins_pastries,
ggggk_91,
stupidteenag3r,
rushibaraskar_dopeboy,
thejhfilm,
angelica_portrait,
alwnk,
mrs_madelenandersson,
josibraggafotos,
devonadriannephotography,
robertoterranova78,
petaearle,
h_y_102,
do_hee925,
busy__shop,
airishabella,
arizadave,
deantravel,
wandering.wolf1,
runningstitchlondon,
hippo.e,
madame._.s,
andalokulo,
erich_shan,
eashmore93,
robigeo,
stefanomarinetti.art,
xchungchung,
nokokinoko00,
btrafalski,
s_wrighter,
becky_fordayz,
karinnto_u,
kaho_nm7,
ekaterina.aristova,
janulary,
giusygarofano_,
figliodiuntemporale_,
rolston_rls10music,
__saj__aa_12,
mizukimitsuoka,
elena__atagul76,
leo_chik,
adorablyblonde96,
mina_9070,
leemihyun_n,
lavinyakitapligi,
little_margi,
katiekippen,
maneeshjuneja,
fashionmenstreetstyle1,
xanadu4,
b_roots_,
rikrds,
tayloralesia2018,
lunatictravel.co.uk,
jessica.buenob,
moiseevaworld,
fasalessandra,
08.__.30,
waelboudiab,
dina2408,
estoy_adriano,
deba.deba,
andlu77,
ma15official,
matteo.dibo,
fancyphuk,
hailsides,
__carpediem_z,
abbyandhercurls,
tailortrucks,
edelweissschen,
mlleclaclou,
chiarisol,
bcn_urbex,
alinabiancarose,
sorayamg89,
olivier_bartoli_artist,
x_sarahlou_x,
photojuice,
kylah_mccord,
womendiariez,
el3nem,
perbacco,
mareillevdh,
salinas_art,
zelena_kuca,
_dephi_,
thefootballgram1,
__7hui__,
dnongelxx,
canerbulut_,
chiarabianchino_travels,
thateeriefeeling,
etermarcin,
misskucner,
karago_creations,
avludiziitr,
teddythelabradorr,
stumptownphotographerofficial,
diegogido,
exotic_supercar_world,
mayaki.co,
vannaways,
helloesposito,
muhdickypratama,
3.33qm,
yeoleummm,
therealstephlee,
sensuality_photography,
lou_viva,
saving_anthonyp,
farahmagdy.fans,
brandannunzio,
miss.cadadia,
bootsvongators,
k5i0,
2seo_kim,
fedecosmi,
danzyhoney,
annastasiia_lutsiuk,
mrsp0oner,
paulhiking,
dollsanddenim,
naoyuki_hayashi,
___222.46___,
mallorypen,
dozedaze89,
idd_riss,
wildginaa,
rrr_250,
divyas_portal,
anilberadking,
nathang69,
criiisstina,
kaseenb,
lindsayweirich,
r3nesh,
iamsampezz,
juancopy,
saintabels,
mocha200ml,
krish.md,
spacenoodels,
lodinyue,
fakemagazene,
sue_gogo,
bobmariani,
min_ju_0301,
moreyes3,
netskyde,
bboorzz,
bandisensei,
meganwoutersmakeup,
d.m_portraits,
demetra_official,
dariapunto,
makes.me.feel.alive_,
selinapelz,
leonardkoganstudio,
kpalettes,
alessia.richichi,
latzariescalante,
david_alford.insta,
egg_minn,
netdesignerch,
pierpaoio,
lesmisanthropos,
thelifeofmarin,
fotografkalvig,
wuyukuan_,
poupouille.pictures,
deborahvantini,
ogpoloboy,
bangtrashies,
fot.tabin,
bulentozme,
papis_lockerten,
kingcharlespenny,
elimel_art,
georqtin,
michele.iacuzzo,
kathmina,
photosby.skylarelise,
thatmexicanrobert,
streetstyle.ny,
anaisolvas,
berrios_tc,
lineage2paravidatoda,
amelidk,
mels_travel,
anotherguynamedmark,
noeliarasmussen,
shotbydaryl,
taworsdigitalmagazinetv,
marialemolinac1,
_interstate_,
javifc89,
wheelerdrew94,
sofiacannelas,
yungkingburg,
camila.garello,
404.style,
tefi_delascasas,
melodyrivera942,
an_tagonica,
jonathandavidph,
roctownlive,
chaeyxungk,
photo_paradise26,
dream_photography2018,
theevil.dana,
miss_aesthetical,
neoul_yi,
msfitxo,
itsajaofficial_,
calvin.olegario,
vezlonenergy,
nidawgh,
bruno_soootnas,
thetphone_suefuse,
joywt,
kurnia_photo_video,
kaylalake__365,
edie_sketchbook,
karina_nyblog,
gulsumcetin4130,
uuu10_28,
rawgrunge,
ranohisland,
mahmoodandam,
natalivais12,
regilrio,
oooldlady,
miriamjulietzalapa,
hafizpioneer,
jessketchesss,
harsh_official04,
jsalinas011,
chizhovamarina_ph,
landolfipablo,
zendaya_news,
monserratii,
lena_lookan,
ashpoolstar,
appenninopasseggiando,
swadeillustrations,
_siiiddd_af,
oskitaryo,
youngphotomaker,
icynoah.s,
yebnh,
yuuuuuuuuu_rii,
laurebree,
anusubhin,
bob_dotson,
thompether,
outoffocus_hk,
melsamontagne,
andreaboccaliniphoto,
huardrealestate,
agrichouga_paysages,
fonzmeanmachine,
vely_ioi,
chemarphotography,
turistrip,
zeitlos.photography,
meliswilson,
phildorific,
celinmvy,
kz.oriver135,
sunha8_02,
linggatuti_13,
breathesinbetween,
hereishan,
nanaganoza,
saschanaumann,
kamera_kaulassa,
kelvincca_images,
nils.knoesel,
yssirhchrissy,
michaelvieyraphotography,
plm.skinshop,
gagandeep_skyler,
fgftshirt,
b_andi1970,
llilly_stark,
jessiferr_,
lisickaania,
lowx4,
successinfluencestory,
bolatabdullah26,
koala.snugslug,
chapaikinaphoto,
stylemystroke,
jane.macdonald.photography,
ayrus_snapshot,
federicasgroi8,
__rose.thorn__,
arman.doe,
anna_akhtyrskaya,
kulwantsm,
misshigo2709,
portraitsbyncl,
dlbeauchamp,
galerisevda,
__shfilm__,
imfawraz,
helenrogerson80,
federbaio,
joseturismo84,
joepelow,
mdg.photo.go,
aleronco23,
l_se_lim,
vely_og_,
little.zombie20,
co.ha_pl3,
bradleyhamerphotography,
studio_mark_vogel,
jiy000n_0527,
hwistagram_ss,
kaaatherinejamir,
tierraverdeproject,
lauras_travels_,
tomurcukphoto,
_anyrava_,
jordynlubinskyphotographyau,
siskaelp,
giuliaspinn,
boofigh,
kan_ye_jin,
rinchabin,
ameliezhou,
portraitmeonline,
chipxhazard,
e_mi_71,
coloursofmysoul76,
sabinalanucha,
flordefatima_lt,
tatum.smith_,
aftermathandrandom,
belgaum_nxt_top_models,
parzkchanyeol,
andromeda_deutsch,
mikkaelm,
kotakkaca_,
ptcgda,
chrisdhphotography,
lullabrie,
oakinfrance,
alkimthecitizenofnowhere,
michelebaroni_23,
kjkwinner,
twinfirsphoto,
alicefoux7,
euphorialingeriee,
rickybabar,
lnnyblog,
elartedelcacao,
numis_motivkiste,
nou_studio,
badtoadboy,
homagepasadena,
lluxfashion,
neilofthepatrickharris,
blueskynhi,
negar__kabir,
capturing__lifee,
dersoon.visualartist,
dikenugroho,
leclercq.emma,
rrrmary,
chicksslay,
natalielopez_,
anescapelandscapesllc,
anna_rudneva,
r__m__11,
dclearsln,
cyrillepibre,
francoevera,
cecilemazzone,
paatipaez,
sofia.escutia,
happy_7ravelers,
vb.kassandra,
aklasta,
nikhilpsaseendran,
joleensandvar,
boutique.worker,
oldcrates,
rd.tavares,
beautifulnature313,
through_my_irises,
bsevillanom,
dani.elle_d,
photographer_lucy2,
juliocardia,
esenia.st,
hangersage,
zoeysphotoalbum,
verasantosr,
khanehe_decor,
caleblongden_photography,
oliviavordenberg,
rafaelmou.rao,
beauty_street_by_claudia,
m_sammy_a,
sonererdemoglu,
_layetezelzel__,
genocide.ent,
georgemarinelli,
santdario6,
tobaccostorejed,
mera_4992,
leowill90,
ladyseyevue,
jasonlittlephoto,
celesgrd,
rainbowsphotography,
officialricks,
katissamess,
viv_min_,
christoph_urbach,
mohamedb_algadi,
mvserrati_,
diedrickbaas,
pituquinhaf_,
j.hye_s,
neo__forever,
kidlightsout,
xavier.loup.official,
malohatmirova,
tylercatophotography,
diransantos2,
astenback,
sno.sha,
themagicgarden,
mundomagicodld,
bg_ghk,
hyungeun__,
pmtnmhr2d,
aleherthel_photo,
plastic_surgen88,
lou_theshorkie,
rizkyjr94,
plebsdenaro,
aslikckali,
superstarstokes,
bandametaforaoficial,
_memoreg,
arkan.kidsgallery,
nsx3y,
davidedepaspictures,
edgarmartinezmunoz,
devil__mehra,
imagesbydereknovaes,
alicesartgallery,
marbaj,
devindamitio,
ivyjade.xo,
arrazzo_tendencias,
xayricastro,
snap2holic,
planet_photos__,
roni_ja,
manish__the__ghost,
kendall_spain,
laraiiny,
bride_jewellery,
skincarebytangmo,
sean_cheezy_lee,
magicplacestotravel,
totohiking,
david_carreira_photographie,
osterg75,
jazzosphere,
jonanmattz,
kaattina,
hushdarlinghush,
wisemankerr,
shakandmegproduction,
marienotclaire,
chester_xx,
satuoystila,
rednoart,
its_michangelo,
srivastava.prashant26,
gembis.photography,
sisnax,
eonxneo,
olivias__art,
komemono,
karleyleephotography_,
8aturday,
alenakovina.ru,
ksandimotret,
dumalla_nd_turban_sirra_point,
upthenose,
tnpisano.art,
zestermeister,
timmy662017,
endrsolren,
rlamphotography,
kevin_summe,
kevedosdesert_official,
christopolis2,
stalkerluvs,
ayekafe,
skyebreese82,
tarmizishamsuddin,
wtf_photography5999,
r__hyc,
gillpullos,
focuslexi,
namjasanee,
ciaoahmad,
coconut_motion,
kiikiiyaayaa,
al_cesario,
royalz_zz,
jeanimarie,
classicshotz_mg,
focargroup,
birgita_silberg_visuals,
limmala,
tonnyliang87,
nisanurundondurmasi,
tonghak18,
kenchen911,
city.bizarre,
andthewritertravels,
chimen22,
minnoopictures,
craieakarine,
sistasinart,
y___h_____,
brokenshot97,
kristian_furletti,
littlepumaa,
alessandro_rizzos,
luisasldn,
nj_photography96,
selma__sally,
naomi__fotografie,
rei_sugai_,
nams_photography,
a_vogue_store,
lalswemel,
russianmanors,
stamped_moments,
jerome_valeska_gotham,
coppens_kristoffel_photography,
_a_tatevik_,
highland.beautyroom,
bodybuilding.fitness.gymm,
nouly063,
glovesmaker__,
mauricioguer,
its_urs_dhiman,
karenlouise___,
_rah_man___,
saahil_ahmad_,
anna_markovych,
insta_fashion1_,
hazoor_bux_photography,
virginia_xena,
car_mafia_international,
uuuuuzzim,
yuki.arithil,
emmasadventures1,
jamieleighdavidson,
domenvogrin,
miracle_sport_kh,
veronikalntnr,
alwaysalinne,
obedamatimages,
lukamcghieimage,
crphoto66,
charliebutlerphotography,
alain_vc,
andreasterra,
lexartfilm,
sarapioggia,
jiseo__h,
df_dreamsfinder,
snowboarder_007,
legobbang,
deeongs,
yuzuki8350,
burneyjsoophoto,
sol_illustration,
giyeon_213,
leem2o,
filip___hladik,
bassviolence,
bluenight.star.you,
ultravioletxx,
amar_krishna_3,
xjanexxi,
_kshitizrai,
monicavalvassori,
herry.kurniawan.142240,
oceanmakeupartist,
taylacelsdon,
its_jc_designs,
revizyonistatelier,
comic.kazi,
muhammad_mirzha_alamsyah,
kindle.flame,
sketchedsong,
marco_dibonito,
camillegoesplaces,
ashish_kapadiya_official,
eveflorezjaimes,
saini_dev_,
gerdasart,
favigraphy,
daniel_fraser,
anzanello,
brandyjace,
isabelle.bral,
suntipomp,
malmanz29,
poboczemdrogi,
inna.polyakova.85,
tlemz,
riky_therunner,
maks_alexandrov_,
jadeelizabethtaplin,
sweet_nothings_by_nessa,
loubaska,
nextpartis,
ev_chua,
kitlo.nk,
sy__n,
lickmypipi,
manuelchainz,
mrs_piscesagitarius,
_krati_crush_,
dany_fotography07,
imhieutran,
rkitty16,
kachinu,
jlee_portraiture,
aocz_izm,
tips.promilsehat2,
etwmphotos,
vousmeadore,
jamisonhogan,
indoreatclickersadda,
taufiqragill,
sergiostoykov,
peconi83,
marc.yeats,
cinsyouth,
katya_cherkasova006,
whitepawblackspots,
ba_animator,
ankitktr,
pollobarba,
victor.vastine,
meal_time_1,
cebeciberk,
julianholguin2001,
miitzch,
angiballerina,
sow.mo,
atannerphotos,
celticspower,
_hevre,
foxzaragoza,
planet_in_focus,
kikki_shots_,
x.phxtxgrxph.x,
lauren.nicole.x,
andreas_photos__,
jaredwphotog,
nicholemmphotography,
zavasboutique,
madilyn_smith,
gerd_seren,
bryan.lla,
mildre.mili,
wiolettapysiak,
juancostuff,
superduper_photography,
dbossgambino,
vest.photography,
juancho1kd,
natureworld1994,
ljuderose,
victoriaeknapp,
sarahvanheckephotography,
rain.mira,
minhaalagoasencantada,
_jmlira,
photokarinasantos,
millonaire.luxury,
ruben.richards,
lalommich,
juyyoung,
susym_ll,
nyc.queen,
words.cant.say,
bb_malyly,
rayzapv,
transfertomsk,
doinglifeabundantly,
studiogoss,
astrongphoto,
noble__photos,
lovebreephotography,
storememorie,
_leejune,
ccophotos,
outdoorislifeph,
travelstacy,
smeinzer,
robfontella,
naocreatbykn,
where_to_fly,
dan_______b,
brando_atuncar7,
ttardelli,
kingcruz07,
celestevmosqueira,
yatangya,
geyikmevsimi,
sign1972,
mr.vicentemart,
threecedarsphotography,
irevlina_photo,
toletoletole,
jantharin.official,
say.no.evil,
mediafasad_nn,
kikusole,
designfnv,
giuseppetripodi.ph,
igersvalls,
sleepychengzi,
surefootedwalks,
konsultasi_pasutri_gratis,
stefanogazzarri,
sesky_kiddo,
kovalyovakk,
joaozixx,
embellir_ginza,
portraitlife_tz,
noluck1205,
shechichi33,
keira_west,
ylenia_montaleone_ph,
joanabak,
nc_artroom,
alexandrovphoto,
__haliuna__,
hazalingozlerii,
laurienrenckens,
sarahzfard,
flora.dolce,
daan_freriks_fotografie,
fatmaa.cetiin,
causeinj,
vorchvorch,
zaldaraz,
himeshdosi,
_swalphs_,
thedommccarthy,
antolehut,
dailybeauty_diy,
suraj_khandkhule,
shahbaz.khan.9210,
erden_egin,
kitap_muptelasi_,
kaenrawph,
emilyadnan,
trip_pics_memories,
flloobl,
maykwan95,
january._.10,
syuu_haraguchi,
suuuuuri_u,
___lumie,
josigraphy,
theunchartedworld,
iury_viking,
guglielmo91,
hartz_seating,
jasmine__mills,
andrea_natalia_7,
carasco_visuals,
streetbeastgallery,
yuki_photograph,
jamtheastronaut,
kylejodrellphoto,
leshop11,
beautereine_,
allexandragarcia,
taylorjhaney,
b2bowan,
_the__chill_____pixel_,
johnbadjur_i212ojektraveling,
siddhantboruah,
ekogardenpeyzaj,
c0nn3ll,
greyfoxlive,
s.youandme,
bit_jagook,
nycloudclub,
photobysimonnielsen,
mahrahanim,
oh_my_aphrodite,
alexxharlow,
thierrybaisse,
pipo.photographer,
katarinacinova,
eitain4,
rkzuk,
___niama___,
adopted_scouser,
adrieliaff,
molipolaprints,
francescolaviola_,
dnldjackson22,
jossedanel,
verlacosa,
_ryazzz,
jmy_s2,
ahmednnabil,
mk1_mkiv_gflt,
whereareyoubelldog,
instarajputanaofficial,
saigewellington,
susosueiro,
robertleckey,
astralgallery,
claudiosilvaa06,
lindsayfishkin,
siavash.vahid,
therankofficial,
apolline_merlin,
vojta.barton,
isabel_mahe,
anemon112,
bine_xo_,
borankuzum.world,
shereeharrisphotos,
haraldkoch65,
milenaspino,
babyhibban,
andi.muhammad.arsy,
noella_9,
keyboardking1998,
michele.r_bnw_pics,
francofarr,
love_light_photo,
sohaphotographer,
mmarianaramirezz,
miro_jablonsky,
aliz_tiwvy,
le.foto.di.liza,
staywanderkerala,
hyeee.o,
teresacarafresa,
ilas_timotei,
me_ssa33,
nature____.photos,
abhi_dhumal,
fleptoeter,
in_ss_sss,
offended.soul,
isamesquita.s,
ladnyusha,
_hjkim_,
orlin_likes_to_dream,
stebertramrosey,
_nabemari,
ablondiiie,
jiteshmaheshwari,
roarcraft,
mohiraproject,
iuriedamaschin,
nikki.gfox,
miii_queens,
paintitsky,
imaneille,
kilkennyarchitecturalsalvage,
irina_spasova,
sietemandarinas,
westwind,
albpors,
thacianecadilha,
xlaurasophiex3,
rafbarnaba,
bosya_privat,
shamin_hassan,
photographer.nikol,
olgakpoxaa,
takii.7,
maribelmartinart,
greyycactus,
p_u_p_e_sweetie2,
halidanufa,
liamjd42,
mr.sul.k,
dannyjockdoodles,
silvanillion,
gemmalouisa_,
zdzichowska_sylwia,
min__.e12,
yupi.photos,
gabrieljonesofficial,
kiku_6,
john.wayte,
suthasinee_moo,
jiseon_01,
aristea_lev,
tonychukw,
talpix_,
moodyrd,
myumbrelah,
arietpeach,
iamworkfortravel,
betterofthehand,
svatoslavich,
dear_scopes,
nasserjoudi,
svetsavchuk,
brx_jrx.7k,
dani.graphy,
sids.room,
fotoimota,
lucy.michelle,
rickspert_moments,
vasiliisysoeff,
emanuelesbl,
jackangliss,
elise.lageat,
eau.drey_xoxo,
lophre,
mm_fotowelt,
chefnicolaietomescu,
chanlongheiphoto,
sssue__,
critica_design,
fyon_yiyi,
bcksi,
vishwaraj_32,
valentinaqualcosa,
remi_guide,
leifeureniusart,
arieijdofotografie,
senou_4,
ritvidadia,
itsnotrael_,
wifeymacfarlane,
njaceron_0018,
12.11u,
aasthanarula123,
gittusmiserabilis,
batuoffroad,
carlysutcliffe,
smp_photography_au,
karldavisphotography,
whenyouretwentysomething,
heytheremomin,
duxi_cosmetika_rostov,
chocolatine_burgwald,
watercolourlilly,
eclairsdevie,
gc_ad,
cha.jns,
fhotolis,
carla.soza,
jessicabmoreira,
caylenrodenburg,
_lucaraiola,
m6is3,
zukography,
esthergoroskieta,
kippppy_,
justinalexandersson,
byronsurf2002,
maria_grazia20,
nomad_snap,
makvi_ph,
gabrieljuanfotografia,
jisunghann,
_ji_won_38,
tan.retoche,
mirco.dessi,
lula.braun,
michelle_sansiveri,
_welcome_to_our_world,
timothyhellyeah,
thattrill,
zhuixs,
shopcaliblu,
rstrange2,
bartenderfrednieto,
nourish.your.wanderlust,
iza_k_a,
vinay_raghavendra,
shadabmotorwala,
akoabi_official,
_t.tricia_,
izawa_naohisa,
johncapuras,
tealfoxdesign,
_genny.capasso_,
withyoufefe,
pet.fu,
sun.n_,
5_ssuj,
buhair_70k,
chicatropicalc,
ngoc.anh39,
sappanyooo,
wesseljoosten,
pushmindergrewal001,
archivesimaria,
simong.photography,
amare.horto,
fiab.stories,
pirlollerena,
mackpicz,
afmathias,
abdeljalil.jpg,
shannonhalycz,
cheer_angie,
paulduanephoto,
hmlart,
pesyxjerrie,
arzu_orapa,
ravvenclaws,
stressed_bubblegum,
lushlimelemons,
tdi_sun,
swedish_giirl777,
caca_carvalho.c,
electrofantul,
nitros350,
werner.pietschmann,
ashlynmariesphotography,
inzishi,
simocastaxc,
_carolinasandoval_,
nadyadeliu,
neravnodushny,
criss.demsa,
kursatcetiner1,
hofistanbul,
scarlettlovesrhettro,
depressedxzephan,
mitsounya,
artofraygadon,
pelitochuzo,
124_cream,
marta.antonetti,
fer_zanet__sr_x,
mar_bakouti,
banksevolution,
carolina_bruk,
vivien__paula,
morphodraw,
muhsonnww12,
niftyshots,
gryffindsr,
lexapernambuco,
stephenfalbo,
haileby.photography,
luu_baute,
dawsonallenphotos,
kliqarmy,
_ordinarily_extraordinary_,
sisijnz,
kutografic,
sarahdobbsphotography,
ivtec_nic,
dailyshyland,
hoodbuddies,
jhyun_x,
memes_editzz_7,
orosysnap,
auragramz,
rinngo__08,
flowercafe_maehwa,
layneylou,
syotaro_asano,
yu_ki_ig,
bb_ribbin,
_leprincesse,
gives.me.life,
straight.designs,
enerjonspace,
ialeung_bigbus,
saqibhussain7,
elohimacessoriosbr,
bvckyvrd,
kodatheredsable,
escudero_o,
desi_vagabonds,
henry_elsucio,
moviepups,
krishnaraj_singh44,
100jag,
forest_fam,
i_am_pawanprajju_official,
mimielfield,
ronaldmerkesteijn,
apchait,
strexwritten,
katharinaklein.foto,
future_specialist,
tb_thereal,
novemberkindx,
alikgriffin,
maureen.d94,
loveminti,
_young__dagger__dick_,
__kardi__b_,
margotcarrere,
parkgun3119,
bruno.for,
baha_sadri,
minmin__37,
litzy17,
suu_hy,
mtt2v9maria,
seeyashawn,
mmmickey531,
samarthgowdahm523,
wilapix,
hellafaye,
flowhi17,
urbangeocrew,
artwork_by_rhythm,
liepa_the_man,
madelenecarolineart,
andryc93,
valentinafotografie,
sinegla15,
cypriotdeniz,
llefevre_photography,
hatena.23,
byplx,
x.de.ad.x,
dimltris_,
rakirockefeller,
quaestionmarc,
jordanharry_photography,
zitakrier,
pictures.amp,
ashleighbrisenden,
kampung6640,
5.7_lee,
manalerahmani,
aourel.d,
yasinserindere,
neel__0021,
remo_acclavio,
ettasmomo,
artist_the_way,
incroyable_nature,
dashutka2018,
jogiefotos,
stellamicky,
ccalvi33,
art_earthwalker_photos,
jessicaazarfans,
james.higuchi,
kakakvaliand,
mr.and.mrs.diverse,
_katherine_shots_,
_charlotterigby,
sebenrom,
travelling.pixels,
paolo_palumbo,
oh.belka,
sidseltveitan,
silvia.t83,
ultras_world_net,
christiantbailey,
touchpixs,
miniontravelsg,
bydesignmia,
nikhil_mirge_007,
dianaraquel24,
nurcahyaswastika,
marianaleonu,
xoduane,
ss_kl_ss,
jennifersalotto,
tegwal.eg,
bobbythanavin,
jkshot,
honokinoko,
ivansaidphoto,
satuparagraf,
pwrposerjoaogui,
es.aja.me,
lorgalleryny,
thichviethoang,
kin.summer.summer,
phuwanat_onvacay,
youjung__xx,
_jourdepluie,
homepointt,
jerem.esteve,
max_yadav0220,
animals._and_nature,
nomoneyforbeer,
phberonyke,
turianoneto,
priperobelli,
nature_green_focus,
hamudagr8st,
sez_art_gallery,
http.toziers,
tatia___kinkladze,
artwithbolling,
horsfrontieres,
kunstpause,
47whoa,
cheridesign,
instantphotographylandscapes,
amarie.cos,
dennisdevoy,
j_zealot,
ram_charan_official_fc,
advancetwelfth,
miggui18,
juliastrasserphotography,
stefan_artmedia,
stevienel,
michaeldrummondphoto,
helinations,
str0ng_03,
gantanja,
fotografie_pb,
chiara_lisci_,
art.yes,
pimmygram.7,
monart_monart,
kamil_motosekcja,
tregub_valeriy,
amirmansouralmaloo,
missbubbles95,
_arphotography95,
mortelen.sea,
fsxdemetozdemir,
dary_artemeva,
_cooking_athome_,
dearmrspink,
jkelly_win,
anskuijpers,
giuliadinatale,
zoryonca,
wilderness_walks,
christokka,
marniemcknightart,
mitchelraphael,
sol.rojas23,
beatysshopmsk,
tugba_muratboz,
aircooledslut,
intiperustore,
donaji_larrea,
teatrzyk,
_that_kiwi_,
lau_oviedo,
fernandaribeiro.photos,
journvls,
b_e_n_jii,
flaviadenegreiros,
littleangell8,
opie_mustofiah,
pizzathedood,
zoombilicious,
bushcraft.lover,
nitabaru_foto,
lena_pro_photography,
xalexxlangex,
fivebuteras,
cazou15,
__pork__chops__,
gwynethdumayas,
imersaofotografia,
anoregoncottage,
mariel.lyy,
sin.istersister,
becxplorer,
issajanephotos,
badgirlhh,
bree.carnage,
editsmang,
tylersphotography12,
fogfotagraphy,
eerinhurtt,
zilizilji,
hd6337,
malarchuck,
z555mtq,
kbrundagephoto,
aracely_e_aguirre,
leondejudaok,
piperbizzle,
_miriana_13,
vipin_vpe,
themajesticgallery,
countriesandcultures,
imbrianichristian,
velvet_la,
jusme71514,
girllpaper,
vogue.afghanistan,
buthonggg,
shotbystroy,
snygraph,
il.bimbominkia,
gyu.kite,
revieiraescritora,
picruty,
emiparker21,
_unesco1,
datindianchick,
alonehue,
skvindt,
theeugeneelcock,
3005id,
xungbxx,
vagabondd_life,
nathvlm,
pupuwa_,
jeanettixx,
naleniphagu,
theanchoredartist,
jussara_daysecretboutique,
kyliefansp,
i_own_you_____,
belezasdero,
arielpitzer,
wahhmumbai,
grinenblu,
selenagomezandjustin.baybies,
taniiroldan,
taegu.ka,
lillilajolie,
jl_photography10,
a3stheticreality,
__sugar5,
exotic.mood,
yeonii.photography,
rage_ross,
kellyduquephoto,
clickworkorange_photo,
doryuthetitan,
jennifer.davitt,
rockomoskito,
german_tfp_models,
iam_abiodun,
artinphotographyrg,
yami8171,
byron_whitejennings,
goldskull_photo,
chi_tsui29,
cesarboldt,
yanislyon2,
gezingari,
petraruggiero,
shoo_lock,
theuniontattoo,
shimadaryani,
tsaviii,
mandamcbae,
rafa___raherna,
_a.luv,
florenciasentosa,
barbara.dc_,
lilelmarie,
mingmachiri,
cirrus_prime,
ofeelingphoto,
nicolasgorrens,
batur_trekk,
snowsoft.cattery,
natafehu,
ach1011,
caviarsecretspecialist,
basementofmybrain,
mikkovih1,
rcp_ulg,
bankhardtmate,
p_bear1123,
joon_yoonhee,
milkywayisoutinspace,
evie_alice_,
kawaiidin,
perfildoeliel,
gas.shots,
__lumiere____,
laura_ltrb,
lukaszzamaro,
sepide.s_photography,
toshipon_,
mia_andante,
black_bombaim,
ahn_h0ney,
ezmerosephotographer,
girls_on_mars,
too.too.084,
ariewijianto,
clarence_camacho,
gokusaishiki_no_kuro,
neeraj_jadoun,
belle_quf,
eyes_dream_travel,
dahye__0313,
gxhphoto,
natcharlotteharris,
sunpeach_326,
yasocube.2,
seragamkaki,
wandayoungblood,
antonellagalietti,
anuwat.pm,
hdfdrdp,
tuschi_,
avacadosr,
wannabedronepilot,
gerardovilaseca,
iamnachal,
aslicinarraslan,
taen_19,
joonhyuk_17,
justmarida,
frommne,
tbfotos2,
goodaphotography,
icecreamonmybelly,
robi_s94,
whatsagirl_to_do,
_salome_photos_,
valchapina,
gyecsek_jozsef,
k.maria_photo,
jaeprice_,
peppons_287,
boommbastic,
end_lool_,
velvetskye_,
davidemontaniphoto,
harr.s,
nnn.uz,
poemasyletra,
whitewallmarketing,
l.tsv,
cobracobra,
esah.berlin,
cemanilkenar.fan34,
dik_yokus,
pazitivotour,
sunnyday_6002,
desire_mulambo,
nicholasaram,
ateebtasaddiq,
ntlviii,
chiaphotograph,
castdetroit,
yangdungho,
kamal.3uda,
koncreteflavaart,
roland.zeller,
raphaelle_siroux,
phelipepa,
kimdoradox,
giulia.gogiali,
l.arted,
cansummyeginfc,
alexisborela,
serg4053,
maryannebydesign,
brooklynrealty,
femnne,
covetable_physique,
ichun_art,
noinstalacey,
aliceballerina95,
grandezfan,
h.zsoff,
chrisrinehart.portfolio,
oliviasjogrensoliz,
beautyrence,
claudiacovi,
nagar_nirit,
not.saturated,
gilangsipatugelang,
christiandemel,
fleshpinata,
kieraoke_sfx,
yoannmanach,
geoyeah,
sabamua87,
uchigumo,
njhlegend,
tothemoonandb_,
silviacasado8,
carlosfreitaslobo,
annaschoice,
leeellisart,
featurepresentation,
kevin_ca94,
paolamariastellaphoto,
sherifhosni2015,
jessfonta,
_dominikaanastazja_,
gian.grl,
_solorat_,
raul.hijazi,
instarnogram,
linayau,
kevinwa65,
misswitch.art,
panblo,
yuta_kanai,
viv.kennedy,
lai_yuankai_photography,
milo_ht,
juliaarnau,
amelia_fortunato,
odnoviun,
tty.art,
janinedivita,
truchoa,
panowicz.marta,
kjk_interiors,
pfgun0,
ediand01,
ogurisyun_afloat,
irfan.023,
easelforart,
y_ni2,
plugnation6,
travellerwithoutidentity,
_lunamoura,
gussedi,
rankstudios,
alyonaenergy,
domi1811,
agon.rain.gutters,
pm_10.13,
dreskinosworld,
jodamidesign,
_tattooed_photographer,
syawo,
charjaynesmith,
anafilipini.fotografia,
carol_hahmeyer,
ivanzapataok,
westiemother_,
mr_nickstull,
jack__conway21,
fluurencia,
by_alwysanni,
jeaneebennett,
xaxax_caxap,
fredrka,
2kyrskin,
aisajune,
travel.__experience_blog,
kpatgeography,
ashleyfarrelldesign,
indoflashlightaceh,
simplyjuan1235,
dirrtyjohn,
mu5ou,
adriands16,
designeroh,
ambitiously.amber,
jm.k_ftg,
nabilsami9,
desires_of_the_foodaholics,
mae_muartist,
ahudotsky,
blackwaterjoes,
katie.realsurreal,
dr_farru,
davewyman,
d.a.productions,
2_verygood_boys,
psychoticfatalities,
universodelas__,
river_kite.arc,
riikkaliljaphotography,
victorlugo30,
cami1838,
amberleaver,
greendivesmaldives,
theemooseman,
andixseptiawan,
yoganurprasetia17,
anil_kasichainula,
maeveharrisart,
tobiloux,
horastu_duku,
tp_mmeaw,
andayanica,
kingdaze214,
_dalowa,
havely.85,
rudyhirwan,
tatozcra,
pompompomz,
daniii_sayed,
yuri___0_128,
kaitlynnecaldwell,
agnethamalino,
suprplexame,
nicole_radut,
vorstadtmaerchen,
jovicba,
kasony,
adrianroditis,
eresserendipity,
cosmic.landscapes,
ataldev07,
geserzavulonov,
rob_robbie_rob,
mercedesz_szererba,
artsyiva,
roberto_di_costanzo,
caithnessbycamera,
als_seo,
sacmodelleri.info,
limeberrycatering,
russia4kresolution,
rohviili,
yes_photographe,
lustfullbeauts,
chantalbaane,
justsensen,
rr.creative_ism,
for_help_you_1,
angelamdh_,
gs___art,
james.coburn.pxl,
belovdmitro2991,
cuberic_,
immortalsoulsss,
milster.bobby.brown,
xexogenesisx,
curleva,
satyamlucky7,
cittadellaspezia,
dreamproductionevents,
hamza_bendahbi,
luisasilvafelix,
ftlbc,
_zalevskiy_,
sunnyhancher,
c_rim__,
livigoodvibes,
larofficial,
junjundescargar_69,
meljames52,
leikography,
cjrubin.photography,
phoenix.photo.vm,
belluoccioluana,
sabinarushh,
anya_nor,
larbarss,
hamshoots,
marga___da,
pic.htn.a.k.a,
camocim_organic,
belenlarrubia,
maddogz68,
evgenyphoto,
s_o_hyun_lee_art,
roadfilmes,
grizzledmoon,
cheerful_88,
soo___jin___,
min_ye_na,
yassourt,
brokenbricksfilm,
iamatravelbug,
gasman9732,
karl_compton,
anto90x,
nataliaghimp.photo,
mocostarmoon,
elisa_malnati,
ritabirra,
donald_geon,
raauziito,
primorye_nature,
bayborland,
aga___k,
elengry,
anastasia_loiacono,
maevouille3,
palmeroeliana,
iluzija8,
magnesand,
virginia_fornaro,
_natural_photography_4,
anugrahchatur,
photography_by_sharon12,
__muu00,
thetalkative,
jvriez,
sockeyed2,
victorien.laud,
homeoftheechelon_,
keila.white,
andrewfm_,
aberdineartistry,
portraitmodeonly,
ethan.oliver,
matiashmg,
bdanishmaqbool,
azm_iy,
evel.pics,
_a_bala_,
the_perfectblend21_bartending,
fiqriki,
phuongphuonglinhh,
deepakrenuse87,
tonapolitano,
delonikselya,
dinhpianist,
nickarthurdaniel,
navivi_24,
mulini_pastifici_1875,
d_and_k_escapades,
bern___hard,
nastia_pervushyna,
sydney_vb,
fzadaily,
sol_imagination,
hannahemilylane,
angeloh78,
visitulm,
fabbry21,
__thomas_c__,
anjakjensenn,
dreamfuly,
malej_rohlik,
francesca_rr,
gloversportsart,
jaunevanille,
cassianofernandes__,
fotografias_peru,
iroiroian,
katherineeeliu,
rst_rules,
bocacraving,
wlkphoto,
pjaater,
ihephoto,
ivan.calle11,
victoriahendryy,
hiob20,
_martavidal,
drjedeyes,
treatsandthumkas,
seung.kim,
giulianadimarino98,
pabrozi,
jacobevje,
aqua_nalu,
flor_metello,
pam.amorim,
yattaken2.0,
nadiinegram,
mattbesterphotography,
aleeessiaaaaaa,
littzuuuu,
unapasseggera,
jilldenny,
sullestrade,
honeysmia,
luciadacunhaperez,
louisbtesh,
abbykayphotos,
shooter_island,
bygregrich,
fashionworldstyle_,
patrikpillar,
kristavasiliou,
eduardopm7,
la.cucho_,
luchopava,
fecoalbert,
lau.gl,
b._.b19,
deas.yg,
olugbenga_o,
jessicapaullus,
beautiful.quotes.2018,
hand_picked_inst,
thesocialiteaustralia,
yesmaniatorres,
starboijojo,
cavalieredispade,
adventureswithgrace207,
mycu23,
josephdesigns.22,
lviik,
theoneandonlymojochicken,
mundoopedro,
jinyang_shipping,
rodrigorezende19,
waxgroovetv,
sulu.20_16,
norarecatala,
victoriaparkerphotography,
conchatumeme_,
wingleego,
galuh_ca4ya,
chriseatworld,
shaikara,
top.pixel,
ilsangilzzi_is_cray,
korsk036,
zadittaqwa,
atushi.adm,
cin.tography,
2.1.00__,
a1_shotz_,
19eightyseven,
hacker_quotes_99,
thediversityproject.tr,
pj_pete,
arsenelupinxiii,
anna.blackforever,
se_6002,
benjamins_page,
riscos100,
hypebrina,
jenniemayphoto,
dan_men_zu,
lsh_sinner,
ivan_sirijillo,
noums__,
knaufpeter,
ellapustowoi,
tika_0405,
bidaultlapomme,
harislojophotography,
shiorimixlove,
jophotography77,
matbial,
hegibiketours,
popo0726,
meekaallyjane,
jordanhare11,
kristinakirn,
pearly.wyde,
irinatsvi,
doell_77,
jordan_rtd,
thevisual_story,
paulineengelen,
manon__aa,
duncan.gibbs,
eunbi_09.11,
the.hanji.hun,
315jin,
swayhotels,
sinapvision,
restaurantelagrada,
_annalenabenz_,
_heedung_,
fromdaydreams,
mid887123,
davidvuitfotografies,
vansilvaaa,
jean_claude_thepot_photography,
sara.abramovic,
celeana_sardothien_19,
alinka_alinu6ka,
tropstree,
stevencarroll179,
79avdm,
fahfyy.skincare1,
carlotaballesta,
ruhig.geist,
matouprevot,
fercpinheiro,
agustinabeltramefotografia_,
shutterfly___,
naosuke0107,
cyrilledespierres,
rpuga,
jj012,
kamila__style,
motorcularinicsesii,
patrickbrinksma,
mallu_punkz,
ponomarev_dv,
jayasriaradhya,
duswl_99,
s.deer_france,
scarrfacekillah,
ac_ph0t0graphy_,
hlynurhelgi,
smoli.pa,
ghoul_gal,
lilithfayre,
muptezelsokagii,
ok.make.up_,
marie.lenaic.alienor,
txokyt,
namzaa,
bmbfotografie,
olgakoshelevaart,
samokeeffe__,
gxrneyme,
dreambig_photography_ash,
a.quiet.photographer,
trenchdad,
aniyakala_sbbbs,
jykline,
katiamogan,
stormofarts,
toftcalvin,
akcuruhs,
ade_amd6,
jstnlry,
linyaphotography,
marcel_accioli_photography,
nadyah_photography,
rooflesspainters,
hadids.forever,
hye_s_u_,
joaomoroo,
painting_adventure,
reen_airin91,
thebuildco,
mariazvezda,
jbotero23,
transpainter,
megan_connellx,
fathanphotography,
lcr__photography__,
hoanggiangle1809,
sept.films,
adventure.glory,
galerinuris,
tugbasarac,
sei_ports,
tuhin_bhattacharyya,
l.ariltqs,
_nrhjrh,
avon_anapa,
mivivi143,
yoldanmanzara,
fotosdepompeya,
raphael_dubesset,
amaliacicala,
regina.siena,
reveliserroar,
khmelu,
tennadis,
sts_art_sts,
nicoletta___s,
harrystaut,
pavelvintovkin,
lofty228,
earthoakphotography,
lejalittle,
imperfect_writings_,
simomorra,
bleistift_fee,
mirianacapelli,
greedyforrgrande,
itsmesprite,
codakmaniak,
pays.pas.sage,
canyonmccartyphotography,
undergroundsaopaulo,
effy.creative,
jay_rowe,
klaudie.svrckova_art,
sadecebirceakalay,
rubenbcoficial,
keiras.pet.shops,
lalie_btr,
pkflandscape,
cocobizou,
m.b.n_pictures,
pieceof_avocado,
xrhstoskrokos,
federica_dg1,
maggieleighmedia,
saryulis32,
macaylakartist,
ivansc83,
javierazanedo,
theresthemel,
guillermohdzfyv,
na_0_0_0_,
ico7n,
tecuidomaia_,
nadyatogu,
sara.longhurst,
alex198989,
mamawray,
a_year_of_deer,
rakimaphz,
bestia.asinus,
__biker__19__,
photos.limited,
art.is.stranger.than.me,
christina.cappelli,
chris_palanis,
foreign.pictures,
angela.veldhuizen,
ehbeerawr,
little.miss.harlee,
we_do_style,
hydrotechmadeiras,
ajneb.oner,
cokmotiveyim,
manemercedes,
aayytt615,
widow56613,
benson36,
bodyworker9505,
angelor_design,
kevsaun,
padangpanjangbanget,
kmitiskaportraits,
officialsaraffifella,
dmitri.h,
army.for.amc,
giorgi_vachiberadze,
peiyuntsui,
finlay.l.lavery,
lispoetas,
drasonparks,
kathleenmcdermottart,
cazza.f,
verolucephoto,
__domina,
double.ong,
makriiie,
bayram_cet4848,
cath_stocks,
alrajehnada,
typicalcat_,
2018_04_02,
galekh__xigisi,
thz_visuals,
dmenken,
puan_maa,
pixiegirltammy,
kitis_yong,
theday4hair.ymmt,
simplyayd,
diego_romero_jf,
sulkar_media,
oceanianman,
sirbarrilaro,
1sobre30estudio,
aliciadianneart,
_grccdyforlcvex,
k.d_newell,
ryderkbeauty,
samantha_0927,
akhilan_r_ak,
julissavilcazelada,
jakexdufner,
damorder2nd,
the_un_crowned_king_,
mikeyfive,
p.hotographylif3,
lily.ie,
mikeyt58,
dianeacko,
wildberrydrops,
justsheena_,
egvaleriya,
kopafakra,
eckerbition,
h.u.g.o.s_photography,
airun_photo_,
samuelleon.m,
debut6666,
giftasinapresent,
heaven_ing,
cakeareuni,
hisobagshop_1,
abibartram,
yogiariframdhani,
qessasi,
marta.j.moreno,
minguseyes,
milana_s.off,
rene_preikschat,
openm_,
pocapecu,
marco_tartabini,
johnyksslr,
sum_photographer8175,
jouwanika,
kako_shum,
reinavictoria38,
kseniyakanke,
rulyadimunandar,
parkpix,
joanna.stawska,
zz_db12,
bobbiesgirl,
john_yau_artifexfoto,
verdyfu,
hitko_photo,
alysarahma19,
olechkin_house,
bollypeach,
evabeauty030,
jebh56,
chachanicolini,
katelynfuego,
sunflowers_photo,
mike_dhondt,
artwave.it,
ivalina_ph,
aneettkaaa,
arm_khan_fan_club,
olsidst,
lucie.cheri.o,
_kirbylee.bourke_,
wedreamoutloud__,
onurbekiroglu,
vmeyer_,
travel_luxury_1,
hongkonging,
aypariolleaud,
m.p_artwork,
svwow,
dalilafrassanito,
millanamoskalenko,
nyadleeh_days,
erwanndllc,
yaseminozlhan,
suprabulls,
lianchous13,
imperial_sm,
brin_thfc,
saapphirerose,
gianlucamangiavacca,
b._._._._.w,
bad_vo1ce,
marco_panella,
fritz_che,
overratedclothing.co,
benediphoto,
ste_1962,
vok.vok.vok.vok,
vismegditthjerte,
n.krasnenkova,
ost.al,
patricianogpo,
rosidflora,
mu7s_x,
marianatosi.photoart,
a._.jin_,
dan_zzzi,
micchii,
giuseppe_dibenedett0,
willstopdtime,
kelly_yukiena,
dmsfotografia,
molyy.09,
cincona_12,
orsaliapipidi,
pedro_fonteles,
unbird_seigo,
aymeric_lam,
theycallmemtv,
abhiram_abhi46,
ignutee,
vikaskaushik98,
mumu_06500,
al_alwin_,
serkan_m3,
kazu_hairstyle,
willowbeachroad,
8mc_k429,
tato_tattooartist,
hwang_star_,
irsydluqman,
ural750cc,
ed_marcal,
colours_of_art_,
malindamicich,
camiloalexleon,
feeddeinsta,
ann._____k,
lai_c_s,
artvirus4ever,
yuliwid12,
bajeethshah7,
benmcwhyte,
_oliver1998,
hyukaze7,
artistikarma,
shutterstockhive,
labetulkok,
khram.jirath,
irenayeung,
lilyanrm,
vengelevska,
ashhrobinson,
mzalzale,
vi._.bear,
ekaterina_fashion,
pixlrfox,
mushfiqur.rahman8,
b_dmas_baccha.________,
jadesimpact,
sven_lps,
sd_skinshopp,
manong_,
lukashorky,
collective_artss,
bennyhassum,
jp72pl,
burgdorf__ganznah,
shew52,
yasmeen_alnoizy,
pure_amnesia,
holdmyown.landscape,
bellarosalie_,
chroniclesofalife,
cho__sh_,
sholavictoire,
refinkow,
linstantphotos,
jp.onlineshop,
mustafab143,
margaretaforsberg_,
foodtherapy.sthlm,
monteduro.mm,
seeing.what.is.there,
gem.dale,
obsessiveeloren,
emmaclairedavies,
_ashallie_,
lensakabut,
__dipen,
emily_.27,
geoff_jensen,
cero_maite,
kuznetsina,
00_s___hnn,
caglarphotographer,
ezggyl,
hae_dong_,
fedepetroo,
azmepakistan,
olivier.fuselier,
alicia.ann.laliberte,
zeruima,
takumiiiiii,
adm_zm,
gordeeva_kt,
nachelle_homestay,
chalna_1204,
lauraannsart,
guilibardi,
y__pure_,
giannis.central,
chair.photography,
urbanosescapade,
giovane_elaine15,
jeromoon,
anastasia__kol,
hong_bly,
jessica_sisy,
johnnymccabe_artist,
benkiyokawa,
feriasvalpo,
eyemograph,
konrad_nadine,
sergei_shaliapin,
sami.b1925,
hatako_828,
andreas.molleryd,
agnieszkawawa,
uj._9782,
enya_nya_nya,
ashley.champ,
carmen_ruy,
ttarpd,
oscarhalder,
i.have_nothing,
aesthetic_deshi_goddess,
fynow,
173.49_supermodel,
irrituable,
bsupplies,
iamcrover,
violettevoyage,
hoffinephotography,
rosehipleaf,
bbeautybymia,
mysweetlandscapes,
giultraverladdict,
__flocke_,
the_northern_lights_gallery,
garik_petrov,
alex.trsv,
culture_kashmiri,
vigdis13,
hord_35,
tribemarkmedia,
emile_zi,
_sofi_triall_,
dxlphinxla,
weledzia,
ciagari,
marvinqquiambao,
starikov_artem,
s0l9ra,
terezzkaa,
d_o923,
spiderskater,
adesiviromanii,
happysardegna,
gunnarsson.per,
kvitkothegodess,
robharrand,
lavitaeunavega,
noojman,
lukehugg,
kanga_woosa,
mwalshephotography,
callum_cjt,
khairirzol,
ceremarti,
madelynnmaegreen,
flowersforfools,
kdavis0711,
pageozpirincci,
just_cla.ri,
silkeschi,
_barata,
9ui77aum3,
gloompuff,
gipsysoft,
dirtandcompany,
bong_gu__,
hanahollidayphotography,
bretring,
marclaburthe,
viehrms_photography,
lidita_92,
rakaruann,
thatgirlcata,
iamyoha.vzla,
okami_chan91,
fake_dream,
red_indie,
kyeexoxox,
pyontaloon,
pris.galian,
chrispena77,
yomurajp,
pannunzioleandro,
demoh,
photographyteam3,
carlo.manca,
lam.grafico,
magiatzis_giannis,
unemonegasque,
amcphotography101,
archeresque,
spinal_fluids,
daisy_baby292,
xo_stephtaylor,
brunobobfotografia,
shabrymac16,
_kriss_tino4ka_,
pipiialonso,
the_atoism,
katelynperez_,
photo_poemas,
definedbyeminence,
dayane.oliver,
casual.hijabi,
jennabear_one,
marcfran,
dimples351,
leandroide_m,
aantolin730,
milea2687,
10_7_mk,
vignesh__6,
david_photo_tigabelas,
carriemads,
cherrytreedancingtraveler,
laura_the_explora_,
1ninjacat1,
drbill,
shalomc,
seolyeo1992,
thats.so.plastic,
enchanting__t,
randompicturesofblank,
ciscojsanchez,
iwstmtk,
ally.mai.huynh,
aaronreq,
luau_takumi,
harshvardhansaboo,
artecyn,
summer_nyx,
giorgi9733,
nikki.bookworm,
dclovensky_design,
boutique__hair,
boekenkroegerimmobilientv,
katres.hanzlik,
oneofakind_j_,
s.u.n.n.y_singh,
frame_o_holic,
silverscholar,
lindsay_love_succulents,
juihong,
helena_goni,
homegrowngraphics,
march_shoppp,
christinasmithdk,
lacivino,
carolinacortegiani,
jamiekolo,
alethea_art,
nasrinart,
thesecond.ph,
trendygarms,
kingfitnessclub,
mvryjvnc,
nata_shavi,
virginie__riff,
lifefusty,
muzikajandasi,
jarakovicana,
dailyofromee,
davehlt,
thetastefactorygaming,
_the_holy_gram_,
jericajadec,
d_teplyakova,
myrthepeperphotography,
klyopa14,
stinger_marley001,
lachie_mckfilmphoto,
mikaelalol,
ckl_images,
zieshop_rangkasbitung,
michaelgieskes,
nachozll,
ninimory,
wladis_gck,
alwaysreidy,
annalenablohmphotography,
sxiipsone_war,
instaroyalposts,
nazzling,
viiewfiinder,
clio_,
he__zuu,
brunasandradefotografia,
manontrcm,
japanese_1192kyoto,
woodbecouldbe,
nucciaaaa,
lilybeer_xi,
b.lostinlife,
__alesio_,
silvilcar,
matchbox_barber_shop,
rjrivera_,
aussiepapi,
ur_half_3.23,
ino_yu_ta,
fotografi,
cccoco_cmk,
rbt_jho,
ahmed.al_haddad,
michela_iannizzotto,
cg_photojournalist,
h_i_r_oxxm,
alfredo_mercado82,
milkman_fr,
karaneshev,
besniliss,
eleonoreprevost60,
caca_july03,
lim.sungmin,
shop.bytoeyy,
xmatiasignacio,
silviocasella,
__hiro.32__,
mattdelturco,
kristinshafel,
princess_michelle_kim,
miori1013_jm,
mimi___1010,
ms.hc,
sarahe0623,
kevinvongeyer,
creativelandscapinglnk,
banyantreecreation,
selenewgram,
phoenixforged,
creative_dexterity,
thebrooklynpress_,
cursedwithglory,
cesaremosheoficial,
fleelavie,
sofiamal_,
sse0055,
oliviakristinphotography,
arii_queen_slay,
toshik.chauhan,
zoltan__87__,
petran,
albishkapoor,
platypus009,
lollodamberg,
msb.261,
mcturannn,
mariakoo112,
au.qazi,
estebanlarav,
meganeholmes,
yavuzbaharss,
ghani_cobey,
__.tiffaanyyy,
chiara_fdrc,
kein_lander,
fossfocus,
rach.jjones,
dominik_hohmann,
wiltedwarrior,
estefania7878,
sportsba11,
resabirova,
pascalsamijn,
elliecolors_photography,
joelle.illustrations,
kayladanielle.jpeg,
mj__o.o,
kamiletreciokaite25,
almbannina,
prathik_kotegar,
jasondrakephotographer,
leclubdesvoyageuses,
azeliomagini,
phoneshutterphotography,
i_santissimi,
chloetrn,
kudzai.photos,
anya_zhevanova,
noemy_granitto,
jamie_lee_ann_99,
the.wonder.of.words,
cicerobaptista,
mappie_tfm2,
jack.vickersphotography,
coco_salvatore,
marcello.makeupartist,
rotsnail,
debbybesford,
nemannnja15,
ahbugana,
naty_ballerina,
nessyamira,
steviephe,
poldous_huxley,
brandonmedellin_,
jn_99__,
shoresinflames,
onurbsnow84,
bonnies_portraits,
ariaagande,
urdadzac,
thephantom____,
monicachefer.art,
damienvaldant,
stockholm_sean,
kyliiejenneerr_,
kkwbrasil,
jadethrllwal,
nrjnflrs_,
joeyreuteman,
earthmoving_equipment_aus,
servandogomezcamarillo,
heavenlylovelylove,
silkestern_,
carlyddrew,
_mazkt,
khassahtaas,
gilsonnunfer,
kainuna_,
brendan_f92,
colorny,
singing_lab_rat,
haruki_osaka,
edithaimetta,
scottlivia2,
sebastianbalo,
mohammadreza_eshaghi,
boyabeancreatives,
emaa.xxii,
gigitography,
halystran_,
leakpcheapf1970,
tus15.ve,
jo.an.ventures,
charlotte_laughlin,
sosohanmans,
svirupakshi75,
rocococlassic,
shelbynicolephoto,
imageryinfinite,
hala_emirates,
sieranbriele,
lunarakawa,
rubengh11,
levibasist,
laidbackphotography_,
christy.murray.photography,
srkbhd,
zahwasang_studio,
adriguadarrama,
vs_2205,
oh_yomi,
fanniimolina,
ivanhoemaniac,
whystiawan_,
laurasandovalmarfil,
raniereferreira_,
haileybaldwinily,
hiddlestonely_,
briandematoscosta,
roochai,
hyderabadatclickersadda,
newbieshots,
westin_photo,
shapepics,
camerondahlinphotog,
golf_street,
liverpool_anfildd,
stemcnaut,
daneilqg,
a.druzhinina_photo,
ale_ksandraaa21,
somehow_pic,
pinkrikshaw_design,
torontoforme,
hermosalespose,
mappandoilmondo,
carremio_shop,
copy_hank,
shivamsharma5091,
cicekkoklargibi,
yeo.sis_,
sunbirdphotography,
tepton97,
nuttun12,
a_tom.hr,
cinthyagal,
mr.fewre,
srr_worldwide,
onlyaestheticssg,
fiingfaang,
the_art_of_arts_of_norway,
____ay._,
su_ubk21,
ruthdrawsthings,
mercedes_lagunas,
krass_nails_spb,
mamruru,
mikolinoo,
tinattc,
fabiomjolnir,
zeyad_emad40,
sweets_ml,
thecozymag,
ange__la___,
shadesofwild,
alex.ortega.ramirez,
bigtonno,
vicentepeiro,
ulyssesburdeniii,
photojun66,
v.cruz34,
maiha23mpa,
chr.30moeller,
eclectico13,
ban_ew,
raj_padia,
fibrey,
eunseo_0708,
217.j_k,
al_hussein_choony,
dinarsyummers,
arjanasart,
explore_landscapes_,
masako.1118,
feketen97,
thebravecoward,
salihaa.l,
photography_by_inesa,
synthetic._.maki,
ei_abandonment,
dbadillaf,
jitendrartstudio,
mattupiak,
nelly_nsk_photo,
garden._.j,
_960201,
mati.sng,
grey_jack_photography,
annasapronova_photography,
pramdani_dimas,
una_2580,
keith_lum_872,
shadowfoxmodels,
7ccchhh,
af_patrevion,
pauline__clt,
everydaybeingus,
chicago___typewriter,
thetaxfreeninja,
emma_got_style,
heyitsdianah,
valerie_chahin,
silviolac,
lindafernweh,
fcoruedafoto,
martimtaylor,
house_of_moments,
stasyyees_photo,
maia_adu,
davimartins,
oleg.semin_,
flyfish.adventure.diaries,
lyricadventure,
kden93,
xkh__,
flash2809,
photographybylieke,
demirceyn,
victorlimafotografia,
tatosha_ryshkel,
m.bosck,
robert.williams.5015983,
matteo.fusion,
winters_medic,
fa.cso,
erickdzfilms,
omernass,
irinephotography,
_mr__editor,
kwak_sh.00,
thecaduceo,
iismailavci,
cuadernodediciembre,
lidy_mode,
christinephotographycy,
milliioli,
anonimatojeans1,
takayuki.hiwatashi,
ghostlywolfles,
wm_kim119,
wilsonrivesp,
eliasso91,
visual.vis,
fotosvaluluppi,
recognitionwrestling,
choiyeji09,
iamrachijhoene,
nnnkkmochi__artworks,
uncle.with.camera,
theo_cft,
togicaaaaaan,
sara.kanik,
visualsbymortensen,
aryan_apex,
wjd_dls,
rfrdhlls,
_gelfiya_22_,
tayloren_fetish,
do_yun_23,
slig_nargy,
modaconme,
missmylephotography,
tan_ez,
egndca7304,
yhphotostudios,
hotel_studnicky_vernar,
mariasw.design,
dantinorm,
nightsky_ghamarinezhad,
suzysharpeart,
kj.jjeyg,
swiffer_,
jade_is_my_baby,
concoji,
yarikcorgi,
mmadoothegreek,
amyshrosbree,
micaela.rojas.u,
faruknarin,
ninebiene_jw,
isabellahewlett,
travel_agent00,
octoberstruly,
a_1127_t,
ari_12496,
ince_white,
khushii._95,
the.creative.potato,
aksessuar_blg,
joseph_pisani,
joelsemel,
i.m.crystal,
y_e_won__,
miyu_doll,
keiji.k,
itsdaero,
rj.ybanez,
mdb_travel_photography,
mtseriesriders,
_zeus_and_hera_,
thecrookedframe,
snowdenflood,
imtheo.thedoor,
ryoumei_9696,
solodovabeauty,
jennifer_emz,
elvarette.photoworks,
maya_mimi_m,
obat_herbalt_denature,
tomsato_photo,
sci.hyun,
photojourney_nature,
ibrahim_sha3rawi,
hirotaka.ok,
salomemartinez,
unleash.your.real.you,
thebrandingirl,
_l_hong__joo,
alessia__anedda,
lawra_30,
travellingaroundtheurope,
_hisashiburi_,
mjbjimenez,
sang_eo_ni,
thestagephotographer,
ceushoje,
marche_victor_hugo,
malwowproductions,
_renatvs_,
born_leo_08,
a.s_57c,
3_8hz,
nfiitria,
en_uzaklarr,
landscapebyshawna,
mdteam.wa,
pol_jabluszka,
uauquelegal,
artofportraitphotography,
_marcjj,
skinshop.pm,
__kana.q__,
s.godinet,
m.3_0222,
prvn.ysr,
okaken_film,
breimannsweltofficial,
mattheyearbookdude,
veronika_shloma12,
lovephotographylana,
fliphtia,
panchopaaz,
andreaperaita,
lord.spike.design,
martin_koroscha,
sunsetapartman,
ognjen.kosmajac,
dylanpaul95,
marinabell.illustration,
madamesamira,
yyhrpr,
mintsetfocus,
photohousefilms,
mr.streetpeopleclassy,
davidelsol_,
redrootsgardendesign,
manos.sk,
alexpages__,
hanyanintasarimgemisi,
lolovyvy,
dongmontefalcon,
iremhelvacioglu.fxp,
anya_vilchinskaya,
m_regis,
joe_takes_fohtohs,
pacifikmoon,
the_ultimate_travellers,
sabine.s.art,
caroline__neubauer,
ssjtran,
kuznetsov_evgeny_photo,
journey.is.destination,
athena.ntinou,
karli.online,
leehsaibro,
lena_piter_live,
dianefotoos,
la_miu_,
ustunemre,
sabeamixtana,
arifismyname,
shakti_nicky,
iamyongkyxn1.89,
its_me_anucha,
gezginlerinkaresinden,
taralewisstudio,
selinnnozcannn,
discovermountains,
brahimecharqy,
mariajoveg,
thewildairphoto,
gruponovasa,
portrait_rg,
vancitycannadolls,
hugo_tssn,
auriebelche,
asli_tprk,
chiara.lombi,
nes_limi,
laylagerald,
drawingbw,
viprusakov,
drog._.ba,
beneficialbeauty,
chaimabof,
rhi_reynolds,
wonderwoman_ale,
bryan.luong,
kambiiiii,
deonnevins,
uniquepicturesnet,
spesialis_kehamilan_bunda_atik,
h_e_o.o2,
arantxaportopardo,
pavel.levap,
zuzanapaurova,
lavenderluvphoto,
xwhiten0ise,
ap._.photograph,
belikeaswan,
zacharysatori,
zeng_diana,
lucasmoredec,
dehricmoore,
ericjjensen,
lincolnpicture,
zeroalex__,
stymsachan,
shyanne_xoxo,
pandaeyez19,
purkinjefibers,
matiasfalbo,
just.visiting.earth,
selmabor,
georgetuli,
anurbanmermaid,
internationalgallery_,
c_ipaint,
valenjf,
takatsuka_kazuki,
dianeladelahoz,
moondance._,
la_quebecoise,
whosvirginia,
kalixxo,
koonkull.512,
modelcantiek,
sametphotographer,
eric.oh,
nina_parinas,
maichuan722,
seonga_21,
photolophy,
kari_naughton_photography,
bestillrenee,
stereocolors,
alya_kuznetsova,
dafnespektor,
kazoo007,
thesecondcoming.jpg,
chlocatttt,
goldenvibesonlyx,
dolovedee,
saunanenjulia,
jinkyung0514,
ivanshoot_,
mandy.tw,
guiarizette,
braydenmcewanphotography,
snail_bride,
legofreak,
royal_dream143,
malikashmooz,
insta_sammers,
pic.ichika.5368,
kevin_miley,
nikondxfx,
livefortodayphotography,
anie_jafraconsultant,
world.cohan,
mieke_rose,
path_finder_jd,
stefanomicozzi_fotoreporter,
kirin_su13,
jennbregande,
feedmegoa,
seguidorescol_oficial,
anahiscare,
dirtsidegirl,
niahadomuan,
beautiful.escape.from.my.mind,
ren_quality,
frenchie_backpack,
apidooo,
erzsetoth,
extrafromesther,
gabeoliveiro,
paranoiac_paradise,
yiyxrim,
emiiijooo,
_noaseyo_,
wickedclicked,
mabizness22,
microphotogenic,
august_ty,
munesox,
khamphetsakda,
bradhyde__,
ozymanndias,
be_luc,
topsail_images,
princessnaria,
asif_tailor,
vikingodelsud,
robytremonti,
opinio2,
caat_o,
shivam__gopale__ss,
marsofmars,
eglantineenilorac,
leovinicius_rj,
d_andy82,
mcewangallery,
tattooedbyeric,
kmzz1_,
etna_bestphoto,
auliastore_jogja,
tempattiduranak.ig,
sl7z.e,
thenotsonotoriousmma,
h_jin786,
fake___monk,
worldroamers_undercover,
barrettojoe,
char_jayne_smith,
blessonv,
avogella,
mvryjvne.ph,
lettucethedog,
itzbunty_,
pdoublemz,
ilonasemianivska,
pwcollections,
mariagiuliari,
nielsvde,
stonehengeofficial,
_beaudouglas,
thao.ng__,
thomaslzc,
joyeyes91,
201movementtv,
fourfourphotography,
5.7.83,
xicah_92,
dan_gargan,
yu_chia_1,
larasantaellafoto,
sinan.yayli,
micha_sgr,
larisa.lubianka,
i_momo_um,
lucilleismine,
svsakca,
kovtyn_anna,
noortjeartz,
rinkarna,
more_art_on_earth,
dani_dejong_photography,
thom_lili_lvl,
ali_kaid9126,
torrence_gervase,
georgevekic,
casatrunq,
urz_akash12,
francescaingallinera,
earljohnsison,
dewaseptiyardi,
iiisheriii,
photo.graphy_ch,
bastibijman,
kidsonfaith,
elenamerchan97,
zoksmzulwini,
photogregraphy,
cutthrustudio,
imfrederiksen,
sveinta,
_simonarch_,
du.rami,
missatlantajohnson,
jaqueline_bgh,
philipp8314,
juste_une_bulle,
hiro_mp12,
englishmum,
sonia_sga,
sergey_senchenko,
people_with_class_fashionblog,
rjsuyom,
jessica_clavier,
sbechei,
gogu.cosmin,
vvbeeart,
chiangxingart,
nnm_princes,
hee_eee__,
domaansk_a,
aguasshyne,
meredithhowseart,
tiffany801.hwang,
milo_pup_luv,
shin12306,
adamhorvath7,
brie.cherie,
hello._.katie,
lobsterwhat,
special_imagination,
semikphoto,
kalidi,
sajinpark,
darinkamit,
achaja_photo,
creationtattoostudio,
surendar_sirvi,
cajondemariposas,
giovannisalvosalvatore,
fl08_,
_juliaburin,
wildlifeexpeditions,
mainak.hazra,
sndkhhh,
ph.roizman,
efi_foufi,
lecandyboi,
framolly,
karengutic,
perspective.1.8,
plastikphoto,
lionhart_photos,
yes_iam_jarvis,
_para_bellum_,
thegirlyclubx,
pazsionofficial,
franken_klaus_unterwegs,
travel_memories_x,
iv4n92,
moviesserieslovers,
bibifaith76,
emilylee1101,
patriciajohnsontx,
kaflenborges,
pova_queen,
giada.squinternata,
i_travel_somewhere,
sarahgourdon89,
sula_wanders,
landroverdelasamericas,
mogulasa54,
bettoaguilera,
tsundcrre,
cabsxxbars,
elinstagrad,
murtuza1810,
daniyal_travel_ltd,
usamamohaarphotography,
james_fortis_ffxiv,
tyanaarviso,
aiko_adventures,
jowisdrawings,
texassiblingrivalry,
echthartmann3,
sirenbra,
sumeyyeadn,
keaganvandusen,
supremoabe,
albert_garcia27,
yazzyfizzl,
rene.rsp,
ruhunpenceresi0,
digiknol.eu,
hannahfeuka,
breslerquartet,
priemus_photography,
bazenkoy,
mariaa_avilez,
travellwithpratik,
ketturouva,
mekasblog,
diegozonn,
jinliniscool,
ness.bs.lifestyle,
tatia_belskaya,
ciroviglione,
mayconbarberstyle,
czech_evanapravnikova,
iztaeh,
disha_roychowdhury,
fleur.de_coquelicot,
kaagnesh,
janneontoour,
tomo4ca,
multygains,
illshootyouphoto,
_ma.yas_,
harry.s_asf,
radiographista,
madeleine.gr6ce,
edwinakatephotography,
sergiomendozaph,
_marvinzidane_,
chisatomiyajima,
nquintero,
